date,pageTitle,pagePath,screenPageViews,activeUsers
2025-05-04,Data Entry Companies In USA | Pro Efficient Data Entry,/,19.0,19.0
2025-03-10,Automated Invoicing Services | Pro Efficient Data Entry,/get-paid-faster-with-automated-invoicing/,16.0,4.0
2025-03-10,Get Paid Faster with Automated Invoicing - Pro Efficient Data Entry,/get-paid-faster-with-automated-invoicing/,16.0,2.0
2025-03-10,Contact US | Pro Efficient Data Entry,/contact/,14.0,2.0
2025-03-10,Blogs | Pro Efficient Data Entry,/blog/,13.0,2.0
2025-03-08,Home - Pro Efficient Data Entry,/,10.0,5.0
2025-04-12,Data Entry Companies In USA | Pro Efficient Data Entry,/,10.0,4.0
2025-05-17,Data Entry Companies In USA | Pro Efficient Data Entry,/,10.0,7.0
2025-03-10,Data Entry USA Company | Pro Efficient Data Entry,/about/,9.0,2.0
2025-04-19,Data Entry Companies In USA | Pro Efficient Data Entry,/,9.0,6.0
2025-04-24,Blogs | Pro Efficient Data Entry,/blog/,9.0,3.0
2025-03-10,Automated Invoicing Services | Pro Efficient Data Entry,/simple-accurate-proof-of-delivery/,8.0,2.0
2025-03-10,Business Process Automation Trends and Insights for 2024 - Pro Efficient Data Entry,/business-process-automation-trends-and-insights-for-2024/,8.0,2.0
2025-03-10,Pricing | Pro Efficient Data Entry,/pricing/,8.0,2.0
2025-04-07,Blogs | Pro Efficient Data Entry,/blog/,8.0,3.0
2025-04-07,Data Entry Companies In USA | Pro Efficient Data Entry,/,8.0,6.0
2025-04-08,Data Entry Companies In USA | Pro Efficient Data Entry,/,8.0,3.0
2025-04-19,Blogs | Pro Efficient Data Entry,/blog/,8.0,4.0
2025-05-16,Data Entry Companies In USA | Pro Efficient Data Entry,/,8.0,6.0
2025-02-22,Home - Pro Efficient Data Entry,/,7.0,4.0
2025-03-10,Back Office Support | Pro Efficient Data Entry,/how-cfos-leverage-back-office-support-to-reduce-costs-and-optimize-operations/,7.0,1.0
2025-03-10,Data Management Services | Pro Efficient Data Entry,/services/,7.0,2.0
2025-04-07,Repossession Services | Pro Efficient Data Entry,/the-legal-aspect-of-repossession-know-your-rights-as-a-borrower-and-lender/,7.0,2.0
2025-05-01,Data Entry Companies In USA | Pro Efficient Data Entry,/,7.0,4.0
2025-05-14,Data Entry Companies In USA | Pro Efficient Data Entry,/,7.0,7.0
2025-02-24,Pricing - Pro Efficient Data Entry,/pricing/,6.0,1.0
2025-02-27,Home - Pro Efficient Data Entry,/,6.0,3.0
2025-02-28,Home - Pro Efficient Data Entry,/,6.0,1.0
2025-03-10,Data Entry Companies In USA | Pro Efficient Data Entry,/,6.0,2.0
2025-03-10,POD Automation Transforms | Pro Efficient Data Entry,/simplify-load-management-with-automation-for-faster-freight-dispatch/,6.0,2.0
2025-04-03,Data Entry Companies In USA | Pro Efficient Data Entry,/,6.0,3.0
2025-04-24,Data Entry Companies In USA | Pro Efficient Data Entry,/,6.0,6.0
2025-02-20,Home - Pro Efficient Data Entry,/,5.0,4.0
2025-03-03,Blog - Pro Efficient Data Entry,/blog/,5.0,2.0
2025-03-03,The Importance of Manual Data Entry Services in the Digital Age - Pro Efficient Data Entry,/the-importance-of-manual-data-entry-services-in-the-digital-age/,5.0,2.0
2025-03-10,Automated Invoicing Services | Pro Efficient Data Entry,/,5.0,1.0
2025-03-11,Automated Invoicing Services | Pro Efficient Data Entry,/,5.0,1.0
2025-03-12,Data Entry Companies In USA | Pro Efficient Data Entry,/,5.0,2.0
2025-04-10,Blogs | Pro Efficient Data Entry,/blog/,5.0,1.0
2025-04-18,Data Entry Companies In USA | Pro Efficient Data Entry,/,5.0,5.0
2025-04-24,How Pro Efficient Guarantees Data Security and Confidentiality in All Projects - Pro Efficient Data Entry,/how-pro-efficient-guarantees-data-security-and-confidentiality-in-all-projects/,5.0,2.0
2025-05-06,Data Entry Companies In USA | Pro Efficient Data Entry,/,5.0,5.0
2025-05-09,Data Entry Companies In USA | Pro Efficient Data Entry,/,5.0,4.0
2025-05-15,Data Entry USA Company | Pro Efficient Data Entry,/about/,5.0,1.0
2025-03-03,Home - Pro Efficient Data Entry,/,4.0,2.0
2025-03-05,Home - Pro Efficient Data Entry,/,4.0,4.0
2025-03-06,"Simple, Accurate Proof of Delivery - Pro Efficient Data Entry",/simple-accurate-proof-of-delivery/,4.0,1.0
2025-03-10,Accounting and Finance - Pro Efficient Data Entry,/accounting-and-finance/,4.0,2.0
2025-03-10,Contact - Pro Efficient Data Entry,/contact/,4.0,2.0
2025-03-11,Blogs | Pro Efficient Data Entry,/blog/,4.0,1.0
2025-03-11,Data Entry Companies In USA | Pro Efficient Data Entry,/,4.0,3.0
2025-03-15,Blogs | Pro Efficient Data Entry,/blog/,4.0,1.0
2025-03-15,Data Entry Companies In USA | Pro Efficient Data Entry,/,4.0,3.0
2025-03-19,Blogs | Pro Efficient Data Entry,/blog/,4.0,1.0
2025-03-26,Data Entry Companies In USA | Pro Efficient Data Entry,/,4.0,4.0
2025-04-08,Repossession Services | Pro Efficient Data Entry,/the-legal-aspect-of-repossession-know-your-rights-as-a-borrower-and-lender/,4.0,1.0
2025-04-12,Blogs | Pro Efficient Data Entry,/blog/,4.0,1.0
2025-04-24,Repossession Services | Pro Efficient Data Entry,/the-legal-aspect-of-repossession-know-your-rights-as-a-borrower-and-lender/,4.0,1.0
2025-04-26,Data Entry Companies In USA | Pro Efficient Data Entry,/,4.0,3.0
2025-05-01,Blogs | Pro Efficient Data Entry,/blog/,4.0,2.0
2025-05-02,Data Entry Companies In USA | Pro Efficient Data Entry,/,4.0,3.0
2025-05-08,Data Entry Companies In USA | Pro Efficient Data Entry,/,4.0,3.0
2025-05-15,Data Entry Companies In USA | Pro Efficient Data Entry,/,4.0,3.0
2025-02-16,Home - Pro Efficient Data Entry,/,3.0,3.0
2025-02-20,Accounting and Finance - Pro Efficient Data Entry,/accounting-and-finance/,3.0,1.0
2025-02-20,Customer Support - Pro Efficient Data Entry,/customer-support/,3.0,1.0
2025-02-21,Pricing - Pro Efficient Data Entry,/pricing/,3.0,1.0
2025-02-25,Home - Pro Efficient Data Entry,/,3.0,2.0
2025-02-27,Contact - Pro Efficient Data Entry,/contact/,3.0,1.0
2025-03-01,Home - Pro Efficient Data Entry,/,3.0,3.0
2025-03-06,Get Paid Faster with Automated Invoicing - Pro Efficient Data Entry,/get-paid-faster-with-automated-invoicing/,3.0,1.0
2025-03-06,Home - Pro Efficient Data Entry,/,3.0,1.0
2025-03-10,Manual Data Entry - Pro Efficient Data Entry,/manual-data-entry/,3.0,2.0
2025-03-11,Automated Invoicing Services | Pro Efficient Data Entry,/simple-accurate-proof-of-delivery/,3.0,1.0
2025-03-19,Automated Invoicing Services | Pro Efficient Data Entry,/simple-accurate-proof-of-delivery/,3.0,1.0
2025-03-29,Data Entry Companies In USA | Pro Efficient Data Entry,/,3.0,2.0
2025-04-10,Back Office Support | Pro Efficient Data Entry,/how-cfos-leverage-back-office-support-to-reduce-costs-and-optimize-operations/,3.0,1.0
2025-04-19,How Pro Efficient Guarantees Data Security and Confidentiality in All Projects - Pro Efficient Data Entry,/how-pro-efficient-guarantees-data-security-and-confidentiality-in-all-projects/,3.0,2.0
2025-04-25,Data Entry Companies In USA | Pro Efficient Data Entry,/,3.0,2.0
2025-04-28,Data Entry Companies In USA | Pro Efficient Data Entry,/,3.0,3.0
2025-04-29,Blogs | Pro Efficient Data Entry,/blog/,3.0,1.0
2025-05-01,Data Entry USA Company | Pro Efficient Data Entry,/about/,3.0,3.0
2025-05-03,Data Entry Companies In USA | Pro Efficient Data Entry,/,3.0,3.0
2025-05-07,Data Entry Companies In USA | Pro Efficient Data Entry,/,3.0,3.0
2025-05-14,Pricing | Pro Efficient Data Entry,/pricing/,3.0,1.0
2025-05-15,Contact US | Pro Efficient Data Entry,/contact/,3.0,1.0
2025-05-16,Virtual Assistance Company In USA | Pro Efficient Data Entry,/reposession-services/,3.0,1.0
2025-02-15,Home - Pro Efficient Data Entry,/,2.0,1.0
2025-02-17,Home - Pro Efficient Data Entry,/,2.0,2.0
2025-02-18,Customer Support - Pro Efficient Data Entry,/customer-support/,2.0,1.0
2025-02-18,Home - Pro Efficient Data Entry,/,2.0,2.0
2025-02-18,Reposession Services - Pro Efficient Data Entry,/reposession-services/,2.0,1.0
2025-02-21,About - Pro Efficient Data Entry,/about/,2.0,1.0
2025-02-21,Home - Pro Efficient Data Entry,/,2.0,1.0
2025-02-22,About - Pro Efficient Data Entry,/about/,2.0,1.0
2025-02-24,Blog - Pro Efficient Data Entry,/blog/,2.0,1.0
2025-02-24,Home - Pro Efficient Data Entry,/,2.0,1.0
2025-02-24,Transcription - Pro Efficient Data Entry,/transcription/,2.0,1.0
2025-02-25,Page not found - Pro Efficient Data Entry,/404/,2.0,1.0
2025-02-26,Home - Pro Efficient Data Entry,/,2.0,1.0
2025-03-04,Home - Pro Efficient Data Entry,/,2.0,2.0
2025-03-06,Blog - Pro Efficient Data Entry,/blog/,2.0,1.0
2025-03-06,Business Process Automation Trends and Insights for 2024 - Pro Efficient Data Entry,/business-process-automation-trends-and-insights-for-2024/,2.0,1.0
2025-03-06,How CFOs Leverage Back-Office Support to Reduce Costs and Optimize Operations - Pro Efficient Data Entry,/how-cfos-leverage-back-office-support-to-reduce-costs-and-optimize-operations/,2.0,1.0
2025-03-06,Simplify Load Management with Automation for Faster Freight Dispatch - Pro Efficient Data Entry,/simplify-load-management-with-automation-for-faster-freight-dispatch/,2.0,1.0
2025-03-08,Blog - Pro Efficient Data Entry,/blog/,2.0,2.0
2025-03-08,Reposession Services - Pro Efficient Data Entry,/reposession-services/,2.0,1.0
2025-03-10,About - Pro Efficient Data Entry,/about/,2.0,2.0
2025-03-10,Customer Support - Pro Efficient Data Entry,/customer-support/,2.0,1.0
2025-03-10,Customer Support Service | Pro Efficient Data Entry,/customer-support/,2.0,1.0
2025-03-10,Home - Pro Efficient Data Entry,/,2.0,1.0
2025-03-10,Manual Data Entry Services | Pro Efficient Data Entry,/manual-data-entry/,2.0,1.0
2025-03-10,Transcription | Pro Efficient Data Entry,/transcription/,2.0,2.0
2025-03-11,Automated Invoicing Services | Pro Efficient Data Entry,/get-paid-faster-with-automated-invoicing/,2.0,1.0
2025-03-12,Automated Invoicing Services | Pro Efficient Data Entry,/,2.0,1.0
2025-03-12,Automated Invoicing Services | Pro Efficient Data Entry,/simple-accurate-proof-of-delivery/,2.0,1.0
2025-03-12,"Simple, Accurate Proof of Delivery - Pro Efficient Data Entry",/,2.0,1.0
2025-03-18,Data Entry Companies In USA | Pro Efficient Data Entry,/,2.0,2.0
2025-03-19,Automated Invoicing Services | Pro Efficient Data Entry,/get-paid-faster-with-automated-invoicing/,2.0,1.0
2025-03-29,Customer Support Service | Pro Efficient Data Entry,/customer-support/,2.0,1.0
2025-03-29,Virtual Assistance Company In USA | Pro Efficient Data Entry,/accounting-and-finance/,2.0,1.0
2025-04-01,Data Entry Companies In USA | Pro Efficient Data Entry,/,2.0,1.0
2025-04-02,Data Entry Companies In USA | Pro Efficient Data Entry,/,2.0,1.0
2025-04-04,Data Entry Companies In USA | Pro Efficient Data Entry,/,2.0,0.0
2025-04-07,Automated Invoicing Services | Pro Efficient Data Entry,/get-paid-faster-with-automated-invoicing/,2.0,1.0
2025-04-07,Data Management Services | Pro Efficient Data Entry,/services/,2.0,1.0
2025-04-08,Contact US | Pro Efficient Data Entry,/contact/,2.0,1.0
2025-04-08,Data Entry USA Company | Pro Efficient Data Entry,/about/,2.0,1.0
2025-04-08,Data Management Services | Pro Efficient Data Entry,/services/,2.0,1.0
2025-04-09,Data Entry Companies In USA | Pro Efficient Data Entry,/,2.0,1.0
2025-04-10,Data Entry Companies In USA | Pro Efficient Data Entry,/,2.0,2.0
2025-04-12,Back Office Support | Pro Efficient Data Entry,/how-cfos-leverage-back-office-support-to-reduce-costs-and-optimize-operations/,2.0,1.0
2025-04-12,Repossession Services | Pro Efficient Data Entry,/the-legal-aspect-of-repossession-know-your-rights-as-a-borrower-and-lender/,2.0,1.0
2025-04-12,Virtual Assistance Company In USA | Pro Efficient Data Entry,/reposession-services/,2.0,2.0
2025-04-15,Data Entry Companies In USA | Pro Efficient Data Entry,/,2.0,1.0
2025-04-19,Manual Data Entry Services | Pro Efficient Data Entry,/manual-data-entry/,2.0,1.0
2025-04-20,Automated Invoicing Services | Pro Efficient Data Entry,/get-paid-faster-with-automated-invoicing/,2.0,0.0
2025-04-23,Data Entry Companies In USA | Pro Efficient Data Entry,/,2.0,2.0
2025-04-24,Data Entry Companies in the USA: The Ultimate Guide - Pro Efficient Data Entry,/data-entry-companies-in-the-usa-the-ultimate-guide/,2.0,1.0
2025-04-29,Data Entry Companies In USA | Pro Efficient Data Entry,/,2.0,2.0
2025-05-01,How Pro Efficient Guarantees Data Security and Confidentiality in All Projects - Pro Efficient Data Entry,/how-pro-efficient-guarantees-data-security-and-confidentiality-in-all-projects/,2.0,1.0
2025-05-01,Social Bookmarking Sites 2021,/submit,2.0,2.0
2025-05-04,Blogs | Pro Efficient Data Entry,/blog/,2.0,1.0
2025-05-04,How Pro Efficient Guarantees Data Security and Confidentiality in All Projects - Pro Efficient Data Entry,/how-pro-efficient-guarantees-data-security-and-confidentiality-in-all-projects/,2.0,1.0
2025-05-05,Data Entry Companies In USA | Pro Efficient Data Entry,/,2.0,2.0
2025-05-14,Data Entry USA Company | Pro Efficient Data Entry,/about/,2.0,2.0
2025-05-16,Repossession Services | Pro Efficient Data Entry,/the-legal-aspect-of-repossession-know-your-rights-as-a-borrower-and-lender/,2.0,2.0
2025-02-15,Page not found - Pro Efficient Data Entry,/404/,1.0,1.0
2025-02-16,Page not found - Pro Efficient Data Entry,/404/,1.0,1.0
2025-02-18,About - Pro Efficient Data Entry,/about/,1.0,1.0
2025-02-18,Accounting and Finance - Pro Efficient Data Entry,/accounting-and-finance/,1.0,1.0
2025-02-18,CRM Support - Pro Efficient Data Entry,/crm-support/,1.0,1.0
2025-02-18,Contact - Pro Efficient Data Entry,/contact/,1.0,1.0
2025-02-18,Manual Data Entry - Pro Efficient Data Entry,/manual-data-entry/,1.0,1.0
2025-02-19,Home - Pro Efficient Data Entry,/,1.0,1.0
2025-02-20,About - Pro Efficient Data Entry,/about/,1.0,1.0
2025-02-20,Blog - Pro Efficient Data Entry,/blog/,1.0,1.0
2025-02-20,CRM Support - Pro Efficient Data Entry,/crm-support/,1.0,1.0
2025-02-20,Manual Data Entry - Pro Efficient Data Entry,/manual-data-entry/,1.0,1.0
2025-02-20,Reposession Services - Pro Efficient Data Entry,/reposession-services/,1.0,1.0
2025-02-20,Services - Pro Efficient Data Entry,/services/,1.0,1.0
2025-02-21,CRM Support - Pro Efficient Data Entry,/crm-support/,1.0,1.0
2025-02-21,Contact - Pro Efficient Data Entry,/contact/,1.0,1.0
2025-02-21,Pro Efficient Data Entry Services - Pro Efficient Data Entry,/portfolio/basket-of-flower-on-table/,1.0,1.0
2025-02-21,Services - Pro Efficient Data Entry,/services/,1.0,1.0
2025-02-22,Reposession Services - Pro Efficient Data Entry,/reposession-services/,1.0,1.0
2025-02-22,Services - Pro Efficient Data Entry,/services/,1.0,1.0
2025-02-24,About - Pro Efficient Data Entry,/about/,1.0,1.0
2025-02-24,Accounting and Finance - Pro Efficient Data Entry,/accounting-and-finance/,1.0,1.0
2025-02-24,Contact - Pro Efficient Data Entry,/contact/,1.0,1.0
2025-02-24,Manual Data Entry - Pro Efficient Data Entry,/manual-data-entry/,1.0,1.0
2025-02-24,Reposession Services - Pro Efficient Data Entry,/reposession-services/,1.0,1.0
2025-02-25,Footer  Pro Efficient Data Entry,/,1.0,1.0
2025-02-25,Page not found - Pro Efficient Data Entry,/wo-admin,1.0,1.0
2025-02-25,Page not found - Pro Efficient Data Entry,/wop-admin,1.0,1.0
2025-02-26,Contact - Pro Efficient Data Entry,/contact/,1.0,1.0
2025-02-27,About - Pro Efficient Data Entry,/about/,1.0,1.0
2025-02-27,Footer  Pro Efficient Data Entry,/,1.0,1.0
2025-02-27,Header  Pro Efficient Data Entry,/,1.0,1.0
2025-03-03,Get Paid Faster with Automated Invoicing - Pro Efficient Data Entry,/get-paid-faster-with-automated-invoicing/,1.0,1.0
2025-03-06,Reposession Services - Pro Efficient Data Entry,/reposession-services/,1.0,1.0
2025-03-08,About - Pro Efficient Data Entry,/about/,1.0,1.0
2025-03-08,Data Entry Companies in the USA: The Ultimate Guide - Pro Efficient Data Entry,/data-entry-companies-in-the-usa-the-ultimate-guide/,1.0,1.0
2025-03-08,Repossession Services - Pro Efficient Data Entry,/reposession-services/,1.0,1.0
2025-03-08,Services - Pro Efficient Data Entry,/services/,1.0,1.0
2025-03-08,The Importance of Manual Data Entry Services in the Digital Age - Pro Efficient Data Entry,/the-importance-of-manual-data-entry-services-in-the-digital-age/,1.0,1.0
2025-03-10,Automation Trends and Insights for 2024 | Pro Efficient,/business-process-automation-trends-and-insights-for-2024/,1.0,1.0
2025-03-10,Back Office Support | Pro Efficient Data Entry,/,1.0,1.0
2025-03-10,Blog - Pro Efficient Data Entry,/blog/,1.0,1.0
2025-03-10,Business Process Automation Trends and Insights for 2024 - Pro Efficient Data Entry,/,1.0,1.0
2025-03-10,Get Paid Faster with Automated Invoicing - Pro Efficient Data Entry,/,1.0,1.0
2025-03-10,How CFOs Leverage Back-Office Support to Reduce Costs and Optimize Operations - Pro Efficient Data Entry,/how-cfos-leverage-back-office-support-to-reduce-costs-and-optimize-operations/,1.0,1.0
2025-03-10,POD Automation Transforms | Pro Efficient Data Entry,/,1.0,1.0
2025-03-10,Pricing - Pro Efficient Data Entry,/pricing/,1.0,1.0
2025-03-10,Repossession Services - Pro Efficient Data Entry,/reposession-services/,1.0,1.0
2025-03-10,Services - Pro Efficient Data Entry,/services/,1.0,1.0
2025-03-10,"Simple, Accurate Proof of Delivery - Pro Efficient Data Entry",/simple-accurate-proof-of-delivery/,1.0,1.0
2025-03-10,Simplify Load Management with Automation for Faster Freight Dispatch - Pro Efficient Data Entry,/simplify-load-management-with-automation-for-faster-freight-dispatch/,1.0,1.0
2025-03-10,Transcription - Pro Efficient Data Entry,/transcription/,1.0,1.0
2025-03-10,Virtual Assistance Company In USA | Pro Efficient Data Entry,/accounting-and-finance/,1.0,1.0
2025-03-10,Virtual Assistance Company In USA | Pro Efficient Data Entry,/reposession-services/,1.0,1.0
2025-03-12,Blogs | Pro Efficient Data Entry,/blog/,1.0,1.0
2025-03-13,Blogs | Pro Efficient Data Entry,/blog/,1.0,1.0
2025-03-13,Data Entry Companies In USA | Pro Efficient Data Entry,/,1.0,1.0
2025-03-15,Repossession Services | Pro Efficient Data Entry,/,1.0,1.0
2025-03-15,Repossession Services | Pro Efficient Data Entry,/the-legal-aspect-of-repossession-know-your-rights-as-a-borrower-and-lender/,1.0,1.0
2025-03-15,Virtual Assistance Company In USA | Pro Efficient Data Entry,/reposession-services/,1.0,1.0
2025-03-17,Automated Invoicing Services | Pro Efficient Data Entry,/get-paid-faster-with-automated-invoicing/,1.0,1.0
2025-03-17,Data Entry Companies In USA | Pro Efficient Data Entry,/,1.0,1.0
2025-03-19,Automated Invoicing Services | Pro Efficient Data Entry,/,1.0,1.0
2025-03-19,Data Entry Companies In USA | Pro Efficient Data Entry,/,1.0,1.0
2025-03-22,Data Entry Companies In USA | Pro Efficient Data Entry,/,1.0,1.0
2025-03-25,Data Entry Companies In USA | Pro Efficient Data Entry,/,1.0,1.0
2025-03-27,Blogs | Pro Efficient Data Entry,/blog/,1.0,1.0
2025-03-27,Data Entry Companies In USA | Pro Efficient Data Entry,/,1.0,1.0
2025-03-29,CRM Support - Pro Efficient Data Entry,/crm-support/,1.0,1.0
2025-03-29,Contact US | Pro Efficient Data Entry,/contact/,1.0,1.0
2025-03-29,Manual Data Entry Services | Pro Efficient Data Entry,/manual-data-entry/,1.0,1.0
2025-03-29,Virtual Assistance Company In USA | Pro Efficient Data Entry,/reposession-services/,1.0,1.0
2025-03-31,Data Entry Companies In USA | Pro Efficient Data Entry,/,1.0,1.0
2025-04-02,Automated Invoicing Services | Pro Efficient Data Entry,/get-paid-faster-with-automated-invoicing/,1.0,1.0
2025-04-02,Blogs | Pro Efficient Data Entry,/blog/,1.0,1.0
2025-04-06,Data Entry Companies In USA | Pro Efficient Data Entry,/,1.0,1.0
2025-04-06,Data Management Services | Pro Efficient Data Entry,/services/,1.0,1.0
2025-04-07,Page not found - Pro Efficient Data Entry,/l,1.0,1.0
2025-04-07,Virtual Assistance Company In USA | Pro Efficient Data Entry,/reposession-services/,1.0,1.0
2025-04-08,Virtual Assistance Company In USA | Pro Efficient Data Entry,/reposession-services/,1.0,1.0
2025-04-09,Data Management Services | Pro Efficient Data Entry,/services/,1.0,0.0
2025-04-10,Automated Invoicing Services | Pro Efficient Data Entry,/get-paid-faster-with-automated-invoicing/,1.0,1.0
2025-04-10,Automated Invoicing Services | Pro Efficient Data Entry,/simple-accurate-proof-of-delivery/,1.0,1.0
2025-04-10,Automation Trends and Insights for 2024 | Pro Efficient,/business-process-automation-trends-and-insights-for-2024/,1.0,1.0
2025-04-10,Back Office Support | Pro Efficient Data Entry,/,1.0,1.0
2025-04-10,POD Automation Transforms | Pro Efficient Data Entry,/simplify-load-management-with-automation-for-faster-freight-dispatch/,1.0,1.0
2025-04-10,Virtual Assistance Company In USA | Pro Efficient Data Entry,/reposession-services/,1.0,1.0
2025-04-12,Automated Invoicing Services | Pro Efficient Data Entry,/get-paid-faster-with-automated-invoicing/,1.0,1.0
2025-04-12,Automated Invoicing Services | Pro Efficient Data Entry,/simple-accurate-proof-of-delivery/,1.0,1.0
2025-04-12,Automation Trends and Insights for 2024 | Pro Efficient,/business-process-automation-trends-and-insights-for-2024/,1.0,1.0
2025-04-12,Free Social Bookmarking Website | Get high quality backlinks,/submit,1.0,2.0
2025-04-12,Global Social Bookmarking Website | Get high quality backlinks,/submit,1.0,2.0
2025-04-12,POD Automation Transforms | Pro Efficient Data Entry,/simplify-load-management-with-automation-for-faster-freight-dispatch/,1.0,1.0
2025-04-13,Data Entry Companies In USA | Pro Efficient Data Entry,/,1.0,1.0
2025-04-14,Data Entry Companies In USA | Pro Efficient Data Entry,/,1.0,1.0
2025-04-14,Virtual Assistance Company In USA | Pro Efficient Data Entry,/reposession-services/,1.0,1.0
2025-04-16,Data Entry Companies In USA | Pro Efficient Data Entry,/,1.0,0.0
2025-04-17,Data Entry Companies In USA | Pro Efficient Data Entry,/,1.0,1.0
2025-04-17,Data Entry USA Company | Pro Efficient Data Entry,/about/,1.0,1.0
2025-04-19,Automated Invoicing Services | Pro Efficient Data Entry,/get-paid-faster-with-automated-invoicing/,1.0,1.0
2025-04-19,Page not found - Pro Efficient Data Entry,/404/,1.0,1.0
2025-04-20,Data Entry USA Company | Pro Efficient Data Entry,/about/,1.0,1.0
2025-04-20,Data Management Services | Pro Efficient Data Entry,/services/,1.0,1.0
2025-04-20,Free Social Bookmarking Website | Get high quality backlinks,/submit,1.0,2.0
2025-04-20,Global Social Bookmarking Website | Get high quality backlinks,/submit,1.0,2.0
2025-04-20,Social Bookmarking Sites 2021,/submit,1.0,2.0
2025-04-22,Data Entry Companies In USA | Pro Efficient Data Entry,/,1.0,1.0
2025-04-24,Data Entry USA Company | Pro Efficient Data Entry,/about/,1.0,1.0
2025-04-24,Data Management Services | Pro Efficient Data Entry,/services/,1.0,1.0
2025-04-24,Transcription | Pro Efficient Data Entry,/transcription/,1.0,1.0
2025-04-25,Customer Support Service | Pro Efficient Data Entry,/customer-support/,1.0,1.0
2025-04-25,Repossession Services | Pro Efficient Data Entry,/the-legal-aspect-of-repossession-know-your-rights-as-a-borrower-and-lender/,1.0,0.0
2025-04-26,Data Entry USA Company | Pro Efficient Data Entry,/about/,1.0,1.0
2025-04-28,Contact US | Pro Efficient Data Entry,/contact/,1.0,1.0
2025-04-29,Data Management Services | Pro Efficient Data Entry,/services/,1.0,1.0
2025-04-29,Manual Data Entry Services | Pro Efficient Data Entry,/manual-data-entry/,1.0,1.0
2025-04-29,Transcription | Pro Efficient Data Entry,/transcription/,1.0,1.0
2025-04-29,Virtual Assistance Company In USA | Pro Efficient Data Entry,/reposession-services/,1.0,1.0
2025-04-30,Automated Invoicing Services | Pro Efficient Data Entry,/get-paid-faster-with-automated-invoicing/,1.0,1.0
2025-04-30,Blogs | Pro Efficient Data Entry,/blog/,1.0,1.0
2025-04-30,How Pro Efficient Guarantees Data Security and Confidentiality in All Projects - Pro Efficient Data Entry,/how-pro-efficient-guarantees-data-security-and-confidentiality-in-all-projects/,1.0,1.0
2025-04-30,Manual Data Entry Services | Pro Efficient Data Entry,/manual-data-entry/,1.0,1.0
2025-05-01,Free Social Bookmarking Website | Get high quality backlinks,/submit,1.0,2.0
2025-05-01,Pricing | Pro Efficient Data Entry,/pricing/,1.0,1.0
2025-05-01,Virtual Assistance Company In USA | Pro Efficient Data Entry,/reposession-services/,1.0,1.0
2025-05-02,Data Management Services | Pro Efficient Data Entry,/services/,1.0,1.0
2025-05-04,Data Entry Companies in the USA: The Ultimate Guide - Pro Efficient Data Entry,/data-entry-companies-in-the-usa-the-ultimate-guide/,1.0,1.0
2025-05-04,Repossession Services | Pro Efficient Data Entry,/the-legal-aspect-of-repossession-know-your-rights-as-a-borrower-and-lender/,1.0,1.0
2025-05-04,The Importance of Manual Data Entry Services in the Digital Age - Pro Efficient Data Entry,/the-importance-of-manual-data-entry-services-in-the-digital-age/,1.0,1.0
2025-05-06,Blogs | Pro Efficient Data Entry,/blog/,1.0,1.0
2025-05-06,How Pro Efficient Guarantees Data Security and Confidentiality in All Projects - Pro Efficient Data Entry,/how-pro-efficient-guarantees-data-security-and-confidentiality-in-all-projects/,1.0,1.0
2025-05-06,Page not found - Pro Efficient Data Entry,/404/,1.0,1.0
2025-05-08,Contact US | Pro Efficient Data Entry,/contact/,1.0,1.0
2025-05-10,Contact US | Pro Efficient Data Entry,/contact/,1.0,1.0
2025-05-10,Data Entry Companies In USA | Pro Efficient Data Entry,/,1.0,1.0
2025-05-12,Data Entry Companies In USA | Pro Efficient Data Entry,/,1.0,1.0
2025-05-13,Data Entry Companies In USA | Pro Efficient Data Entry,/,1.0,1.0
2025-05-14,Virtual Assistance Company In USA | Pro Efficient Data Entry,/reposession-services/,1.0,1.0
2025-05-15,CRM Support - Pro Efficient Data Entry,/crm-support/,1.0,1.0
2025-05-15,Data Management Services | Pro Efficient Data Entry,/services/,1.0,1.0
2025-05-15,Pricing | Pro Efficient Data Entry,/pricing/,1.0,1.0
2025-05-15,Virtual Assistance Company In USA | Pro Efficient Data Entry,/reposession-services/,1.0,1.0
2025-05-17,Data Entry USA Company | Pro Efficient Data Entry,/about/,1.0,1.0
2025-02-15,1 new message,/,0.0,1.0
2025-02-16,1 new message,/404/,0.0,1.0
2025-02-18,1 new message,/,0.0,2.0
2025-02-19,1 new message,/,0.0,1.0
2025-02-20,1 new message,/,0.0,2.0
2025-02-21,2 new messages,/contact/,0.0,1.0
2025-02-25,1 new message,/,0.0,1.0
2025-02-26,1 new message,/,0.0,1.0
2025-02-27,1 new message,/,0.0,1.0
2025-02-28,1 new message,/,0.0,1.0
2025-02-28,Contact - Pro Efficient Data Entry,/contact/,0.0,1.0
2025-03-03,1 new message,/,0.0,1.0
2025-03-05,1 new message,/,0.0,1.0
2025-03-10,1 new message,/,0.0,1.0
2025-03-10,1 new message,/get-paid-faster-with-automated-invoicing/,0.0,1.0
2025-03-10,1 new message,/manual-data-entry/,0.0,1.0
2025-03-13,1 new message,/,0.0,1.0
2025-03-15,1 new message,/,0.0,1.0
2025-03-17,1 new message,/,0.0,1.0
2025-03-19,1 new message,/blog/,0.0,1.0
2025-03-29,1 new message,/,0.0,1.0
2025-04-07,1 new message,/the-legal-aspect-of-repossession-know-your-rights-as-a-borrower-and-lender/,0.0,2.0
2025-04-08,1 new message,/,0.0,2.0
2025-04-12,1 new message,/,0.0,1.0
2025-04-12,1 new message,/submit,0.0,2.0
2025-04-14,1 new message,/reposession-services/,0.0,1.0
2025-04-17,1 new message,/,0.0,1.0
2025-04-18,1 new message,/,0.0,1.0
2025-04-19,1 new message,/,0.0,1.0
2025-04-19,1 new message,/blog/,0.0,1.0
2025-04-19,1 new message,/how-pro-efficient-guarantees-data-security-and-confidentiality-in-all-projects/,0.0,1.0
2025-04-20,1 new message,/submit,0.0,1.0
2025-04-22,1 new message,/,0.0,1.0
2025-04-23,1 new message,/,0.0,1.0
2025-04-24,1 new message,/,0.0,2.0
2025-04-24,1 new message,/how-pro-efficient-guarantees-data-security-and-confidentiality-in-all-projects/,0.0,1.0
2025-04-26,1 new message,/,0.0,1.0
2025-04-26,1 new message,/about/,0.0,1.0
2025-04-29,1 new message,/,0.0,1.0
2025-04-29,1 new message,/blog/,0.0,1.0
2025-04-30,1 new message,/how-pro-efficient-guarantees-data-security-and-confidentiality-in-all-projects/,0.0,1.0
2025-05-01,1 new message,/,0.0,2.0
2025-05-01,1 new message,/blog/,0.0,1.0
2025-05-01,1 new message,/reposession-services/,0.0,1.0
2025-05-01,1 new message,/submit,0.0,3.0
2025-05-02,1 new message,/,0.0,1.0
2025-05-03,1 new message,/,0.0,2.0
2025-05-08,1 new message,/,0.0,2.0
2025-05-12,1 new message,/,0.0,1.0
2025-05-14,1 new message,/,0.0,1.0
2025-05-14,1 new message,/about/,0.0,1.0
2025-05-16,1 new message,/,0.0,1.0
2025-05-17,1 new message,/,0.0,1.0
