date,pagePath,pageTitle,screenPageViews
2025-05-04,/,Data Entry Companies In USA | Pro Efficient Data Entry,19.0
2025-03-10,/get-paid-faster-with-automated-invoicing/,Automated Invoicing Services | Pro Efficient Data Entry,16.0
2025-03-10,/get-paid-faster-with-automated-invoicing/,Get Paid Faster with Automated Invoicing - Pro Efficient Data Entry,16.0
2025-03-10,/contact/,Contact US | Pro Efficient Data Entry,14.0
2025-03-10,/blog/,Blogs | Pro Efficient Data Entry,13.0
2025-03-08,/,Home - Pro Efficient Data Entry,10.0
2025-04-12,/,Data Entry Companies In USA | Pro Efficient Data Entry,10.0
2025-05-17,/,Data Entry Companies In USA | Pro Efficient Data Entry,10.0
2025-03-10,/about/,Data Entry USA Company | Pro Efficient Data Entry,9.0
2025-04-19,/,Data Entry Companies In USA | Pro Efficient Data Entry,9.0
2025-04-24,/blog/,Blogs | Pro Efficient Data Entry,9.0
2025-03-10,/business-process-automation-trends-and-insights-for-2024/,Business Process Automation Trends and Insights for 2024 - Pro Efficient Data Entry,8.0
2025-03-10,/pricing/,Pricing | Pro Efficient Data Entry,8.0
2025-03-10,/simple-accurate-proof-of-delivery/,Automated Invoicing Services | Pro Efficient Data Entry,8.0
2025-04-07,/,Data Entry Companies In USA | Pro Efficient Data Entry,8.0
2025-04-07,/blog/,Blogs | Pro Efficient Data Entry,8.0
2025-04-08,/,Data Entry Companies In USA | Pro Efficient Data Entry,8.0
2025-04-19,/blog/,Blogs | Pro Efficient Data Entry,8.0
2025-05-16,/,Data Entry Companies In USA | Pro Efficient Data Entry,8.0
2025-02-22,/,Home - Pro Efficient Data Entry,7.0
2025-03-10,/how-cfos-leverage-back-office-support-to-reduce-costs-and-optimize-operations/,Back Office Support | Pro Efficient Data Entry,7.0
2025-03-10,/services/,Data Management Services | Pro Efficient Data Entry,7.0
2025-04-07,/the-legal-aspect-of-repossession-know-your-rights-as-a-borrower-and-lender/,Repossession Services | Pro Efficient Data Entry,7.0
2025-05-01,/,Data Entry Companies In USA | Pro Efficient Data Entry,7.0
2025-05-14,/,Data Entry Companies In USA | Pro Efficient Data Entry,7.0
2025-02-24,/pricing/,Pricing - Pro Efficient Data Entry,6.0
2025-02-27,/,Home - Pro Efficient Data Entry,6.0
2025-02-28,/,Home - Pro Efficient Data Entry,6.0
2025-03-10,/,Data Entry Companies In USA | Pro Efficient Data Entry,6.0
2025-03-10,/simplify-load-management-with-automation-for-faster-freight-dispatch/,POD Automation Transforms | Pro Efficient Data Entry,6.0
2025-04-03,/,Data Entry Companies In USA | Pro Efficient Data Entry,6.0
2025-04-24,/,Data Entry Companies In USA | Pro Efficient Data Entry,6.0
2025-02-20,/,Home - Pro Efficient Data Entry,5.0
2025-03-03,/blog/,Blog - Pro Efficient Data Entry,5.0
2025-03-03,/the-importance-of-manual-data-entry-services-in-the-digital-age/,The Importance of Manual Data Entry Services in the Digital Age - Pro Efficient Data Entry,5.0
2025-03-10,/,Automated Invoicing Services | Pro Efficient Data Entry,5.0
2025-03-11,/,Automated Invoicing Services | Pro Efficient Data Entry,5.0
2025-03-12,/,Data Entry Companies In USA | Pro Efficient Data Entry,5.0
2025-04-10,/blog/,Blogs | Pro Efficient Data Entry,5.0
2025-04-18,/,Data Entry Companies In USA | Pro Efficient Data Entry,5.0
2025-04-24,/how-pro-efficient-guarantees-data-security-and-confidentiality-in-all-projects/,How Pro Efficient Guarantees Data Security and Confidentiality in All Projects - Pro Efficient Data Entry,5.0
2025-05-06,/,Data Entry Companies In USA | Pro Efficient Data Entry,5.0
2025-05-09,/,Data Entry Companies In USA | Pro Efficient Data Entry,5.0
2025-05-15,/about/,Data Entry USA Company | Pro Efficient Data Entry,5.0
2025-03-03,/,Home - Pro Efficient Data Entry,4.0
2025-03-05,/,Home - Pro Efficient Data Entry,4.0
2025-03-06,/simple-accurate-proof-of-delivery/,"Simple, Accurate Proof of Delivery - Pro Efficient Data Entry",4.0
2025-03-10,/accounting-and-finance/,Accounting and Finance - Pro Efficient Data Entry,4.0
2025-03-10,/contact/,Contact - Pro Efficient Data Entry,4.0
2025-03-11,/,Data Entry Companies In USA | Pro Efficient Data Entry,4.0
2025-03-11,/blog/,Blogs | Pro Efficient Data Entry,4.0
2025-03-15,/,Data Entry Companies In USA | Pro Efficient Data Entry,4.0
2025-03-15,/blog/,Blogs | Pro Efficient Data Entry,4.0
2025-03-19,/blog/,Blogs | Pro Efficient Data Entry,4.0
2025-03-26,/,Data Entry Companies In USA | Pro Efficient Data Entry,4.0
2025-04-08,/the-legal-aspect-of-repossession-know-your-rights-as-a-borrower-and-lender/,Repossession Services | Pro Efficient Data Entry,4.0
2025-04-12,/blog/,Blogs | Pro Efficient Data Entry,4.0
2025-04-24,/the-legal-aspect-of-repossession-know-your-rights-as-a-borrower-and-lender/,Repossession Services | Pro Efficient Data Entry,4.0
2025-04-26,/,Data Entry Companies In USA | Pro Efficient Data Entry,4.0
2025-05-01,/blog/,Blogs | Pro Efficient Data Entry,4.0
2025-05-02,/,Data Entry Companies In USA | Pro Efficient Data Entry,4.0
2025-05-08,/,Data Entry Companies In USA | Pro Efficient Data Entry,4.0
2025-05-15,/,Data Entry Companies In USA | Pro Efficient Data Entry,4.0
2025-02-16,/,Home - Pro Efficient Data Entry,3.0
2025-02-20,/accounting-and-finance/,Accounting and Finance - Pro Efficient Data Entry,3.0
2025-02-20,/customer-support/,Customer Support - Pro Efficient Data Entry,3.0
2025-02-21,/pricing/,Pricing - Pro Efficient Data Entry,3.0
2025-02-25,/,Home - Pro Efficient Data Entry,3.0
2025-02-27,/contact/,Contact - Pro Efficient Data Entry,3.0
2025-03-01,/,Home - Pro Efficient Data Entry,3.0
2025-03-06,/,Home - Pro Efficient Data Entry,3.0
2025-03-06,/get-paid-faster-with-automated-invoicing/,Get Paid Faster with Automated Invoicing - Pro Efficient Data Entry,3.0
2025-03-10,/manual-data-entry/,Manual Data Entry - Pro Efficient Data Entry,3.0
2025-03-11,/simple-accurate-proof-of-delivery/,Automated Invoicing Services | Pro Efficient Data Entry,3.0
2025-03-19,/simple-accurate-proof-of-delivery/,Automated Invoicing Services | Pro Efficient Data Entry,3.0
2025-03-29,/,Data Entry Companies In USA | Pro Efficient Data Entry,3.0
2025-04-10,/how-cfos-leverage-back-office-support-to-reduce-costs-and-optimize-operations/,Back Office Support | Pro Efficient Data Entry,3.0
2025-04-19,/how-pro-efficient-guarantees-data-security-and-confidentiality-in-all-projects/,How Pro Efficient Guarantees Data Security and Confidentiality in All Projects - Pro Efficient Data Entry,3.0
2025-04-25,/,Data Entry Companies In USA | Pro Efficient Data Entry,3.0
2025-04-28,/,Data Entry Companies In USA | Pro Efficient Data Entry,3.0
2025-04-29,/blog/,Blogs | Pro Efficient Data Entry,3.0
2025-05-01,/about/,Data Entry USA Company | Pro Efficient Data Entry,3.0
2025-05-03,/,Data Entry Companies In USA | Pro Efficient Data Entry,3.0
2025-05-07,/,Data Entry Companies In USA | Pro Efficient Data Entry,3.0
2025-05-14,/pricing/,Pricing | Pro Efficient Data Entry,3.0
2025-05-15,/contact/,Contact US | Pro Efficient Data Entry,3.0
2025-05-16,/reposession-services/,Virtual Assistance Company In USA | Pro Efficient Data Entry,3.0
2025-02-15,/,Home - Pro Efficient Data Entry,2.0
2025-02-17,/,Home - Pro Efficient Data Entry,2.0
2025-02-18,/,Home - Pro Efficient Data Entry,2.0
2025-02-18,/customer-support/,Customer Support - Pro Efficient Data Entry,2.0
2025-02-18,/reposession-services/,Reposession Services - Pro Efficient Data Entry,2.0
2025-02-21,/,Home - Pro Efficient Data Entry,2.0
2025-02-21,/about/,About - Pro Efficient Data Entry,2.0
2025-02-22,/about/,About - Pro Efficient Data Entry,2.0
2025-02-24,/,Home - Pro Efficient Data Entry,2.0
2025-02-24,/blog/,Blog - Pro Efficient Data Entry,2.0
2025-02-24,/transcription/,Transcription - Pro Efficient Data Entry,2.0
2025-02-25,/404/,Page not found - Pro Efficient Data Entry,2.0
2025-02-26,/,Home - Pro Efficient Data Entry,2.0
2025-03-04,/,Home - Pro Efficient Data Entry,2.0
2025-03-06,/blog/,Blog - Pro Efficient Data Entry,2.0
2025-03-06,/business-process-automation-trends-and-insights-for-2024/,Business Process Automation Trends and Insights for 2024 - Pro Efficient Data Entry,2.0
2025-03-06,/how-cfos-leverage-back-office-support-to-reduce-costs-and-optimize-operations/,How CFOs Leverage Back-Office Support to Reduce Costs and Optimize Operations - Pro Efficient Data Entry,2.0
2025-03-06,/simplify-load-management-with-automation-for-faster-freight-dispatch/,Simplify Load Management with Automation for Faster Freight Dispatch - Pro Efficient Data Entry,2.0
2025-03-08,/blog/,Blog - Pro Efficient Data Entry,2.0
2025-03-08,/reposession-services/,Reposession Services - Pro Efficient Data Entry,2.0
2025-03-10,/,Home - Pro Efficient Data Entry,2.0
2025-03-10,/about/,About - Pro Efficient Data Entry,2.0
2025-03-10,/customer-support/,Customer Support - Pro Efficient Data Entry,2.0
2025-03-10,/customer-support/,Customer Support Service | Pro Efficient Data Entry,2.0
2025-03-10,/manual-data-entry/,Manual Data Entry Services | Pro Efficient Data Entry,2.0
2025-03-10,/transcription/,Transcription | Pro Efficient Data Entry,2.0
2025-03-11,/get-paid-faster-with-automated-invoicing/,Automated Invoicing Services | Pro Efficient Data Entry,2.0
2025-03-12,/,Automated Invoicing Services | Pro Efficient Data Entry,2.0
2025-03-12,/,"Simple, Accurate Proof of Delivery - Pro Efficient Data Entry",2.0
2025-03-12,/simple-accurate-proof-of-delivery/,Automated Invoicing Services | Pro Efficient Data Entry,2.0
2025-03-18,/,Data Entry Companies In USA | Pro Efficient Data Entry,2.0
2025-03-19,/get-paid-faster-with-automated-invoicing/,Automated Invoicing Services | Pro Efficient Data Entry,2.0
2025-03-29,/accounting-and-finance/,Virtual Assistance Company In USA | Pro Efficient Data Entry,2.0
2025-03-29,/customer-support/,Customer Support Service | Pro Efficient Data Entry,2.0
2025-04-01,/,Data Entry Companies In USA | Pro Efficient Data Entry,2.0
2025-04-02,/,Data Entry Companies In USA | Pro Efficient Data Entry,2.0
2025-04-04,/,Data Entry Companies In USA | Pro Efficient Data Entry,2.0
2025-04-07,/get-paid-faster-with-automated-invoicing/,Automated Invoicing Services | Pro Efficient Data Entry,2.0
2025-04-07,/services/,Data Management Services | Pro Efficient Data Entry,2.0
2025-04-08,/about/,Data Entry USA Company | Pro Efficient Data Entry,2.0
2025-04-08,/contact/,Contact US | Pro Efficient Data Entry,2.0
2025-04-08,/services/,Data Management Services | Pro Efficient Data Entry,2.0
2025-04-09,/,Data Entry Companies In USA | Pro Efficient Data Entry,2.0
2025-04-10,/,Data Entry Companies In USA | Pro Efficient Data Entry,2.0
2025-04-12,/how-cfos-leverage-back-office-support-to-reduce-costs-and-optimize-operations/,Back Office Support | Pro Efficient Data Entry,2.0
2025-04-12,/reposession-services/,Virtual Assistance Company In USA | Pro Efficient Data Entry,2.0
2025-04-12,/the-legal-aspect-of-repossession-know-your-rights-as-a-borrower-and-lender/,Repossession Services | Pro Efficient Data Entry,2.0
2025-04-15,/,Data Entry Companies In USA | Pro Efficient Data Entry,2.0
2025-04-19,/manual-data-entry/,Manual Data Entry Services | Pro Efficient Data Entry,2.0
2025-04-20,/get-paid-faster-with-automated-invoicing/,Automated Invoicing Services | Pro Efficient Data Entry,2.0
2025-04-23,/,Data Entry Companies In USA | Pro Efficient Data Entry,2.0
2025-04-24,/data-entry-companies-in-the-usa-the-ultimate-guide/,Data Entry Companies in the USA: The Ultimate Guide - Pro Efficient Data Entry,2.0
2025-04-29,/,Data Entry Companies In USA | Pro Efficient Data Entry,2.0
2025-05-01,/how-pro-efficient-guarantees-data-security-and-confidentiality-in-all-projects/,How Pro Efficient Guarantees Data Security and Confidentiality in All Projects - Pro Efficient Data Entry,2.0
2025-05-01,/submit,Social Bookmarking Sites 2021,2.0
2025-05-04,/blog/,Blogs | Pro Efficient Data Entry,2.0
2025-05-04,/how-pro-efficient-guarantees-data-security-and-confidentiality-in-all-projects/,How Pro Efficient Guarantees Data Security and Confidentiality in All Projects - Pro Efficient Data Entry,2.0
2025-05-05,/,Data Entry Companies In USA | Pro Efficient Data Entry,2.0
2025-05-14,/about/,Data Entry USA Company | Pro Efficient Data Entry,2.0
2025-05-16,/the-legal-aspect-of-repossession-know-your-rights-as-a-borrower-and-lender/,Repossession Services | Pro Efficient Data Entry,2.0
2025-02-15,/404/,Page not found - Pro Efficient Data Entry,1.0
2025-02-16,/404/,Page not found - Pro Efficient Data Entry,1.0
2025-02-18,/about/,About - Pro Efficient Data Entry,1.0
2025-02-18,/accounting-and-finance/,Accounting and Finance - Pro Efficient Data Entry,1.0
2025-02-18,/contact/,Contact - Pro Efficient Data Entry,1.0
2025-02-18,/crm-support/,CRM Support - Pro Efficient Data Entry,1.0
2025-02-18,/manual-data-entry/,Manual Data Entry - Pro Efficient Data Entry,1.0
2025-02-19,/,Home - Pro Efficient Data Entry,1.0
2025-02-20,/about/,About - Pro Efficient Data Entry,1.0
2025-02-20,/blog/,Blog - Pro Efficient Data Entry,1.0
2025-02-20,/crm-support/,CRM Support - Pro Efficient Data Entry,1.0
2025-02-20,/manual-data-entry/,Manual Data Entry - Pro Efficient Data Entry,1.0
2025-02-20,/reposession-services/,Reposession Services - Pro Efficient Data Entry,1.0
2025-02-20,/services/,Services - Pro Efficient Data Entry,1.0
2025-02-21,/contact/,Contact - Pro Efficient Data Entry,1.0
2025-02-21,/crm-support/,CRM Support - Pro Efficient Data Entry,1.0
2025-02-21,/portfolio/basket-of-flower-on-table/,Pro Efficient Data Entry Services - Pro Efficient Data Entry,1.0
2025-02-21,/services/,Services - Pro Efficient Data Entry,1.0
2025-02-22,/reposession-services/,Reposession Services - Pro Efficient Data Entry,1.0
2025-02-22,/services/,Services - Pro Efficient Data Entry,1.0
2025-02-24,/about/,About - Pro Efficient Data Entry,1.0
2025-02-24,/accounting-and-finance/,Accounting and Finance - Pro Efficient Data Entry,1.0
2025-02-24,/contact/,Contact - Pro Efficient Data Entry,1.0
2025-02-24,/manual-data-entry/,Manual Data Entry - Pro Efficient Data Entry,1.0
2025-02-24,/reposession-services/,Reposession Services - Pro Efficient Data Entry,1.0
2025-02-25,/,Footer  Pro Efficient Data Entry,1.0
2025-02-25,/wo-admin,Page not found - Pro Efficient Data Entry,1.0
2025-02-25,/wop-admin,Page not found - Pro Efficient Data Entry,1.0
2025-02-26,/contact/,Contact - Pro Efficient Data Entry,1.0
2025-02-27,/,Footer  Pro Efficient Data Entry,1.0
2025-02-27,/,Header  Pro Efficient Data Entry,1.0
2025-02-27,/about/,About - Pro Efficient Data Entry,1.0
2025-03-03,/get-paid-faster-with-automated-invoicing/,Get Paid Faster with Automated Invoicing - Pro Efficient Data Entry,1.0
2025-03-06,/reposession-services/,Reposession Services - Pro Efficient Data Entry,1.0
2025-03-08,/about/,About - Pro Efficient Data Entry,1.0
2025-03-08,/data-entry-companies-in-the-usa-the-ultimate-guide/,Data Entry Companies in the USA: The Ultimate Guide - Pro Efficient Data Entry,1.0
2025-03-08,/reposession-services/,Repossession Services - Pro Efficient Data Entry,1.0
2025-03-08,/services/,Services - Pro Efficient Data Entry,1.0
2025-03-08,/the-importance-of-manual-data-entry-services-in-the-digital-age/,The Importance of Manual Data Entry Services in the Digital Age - Pro Efficient Data Entry,1.0
2025-03-10,/,Back Office Support | Pro Efficient Data Entry,1.0
2025-03-10,/,Business Process Automation Trends and Insights for 2024 - Pro Efficient Data Entry,1.0
2025-03-10,/,Get Paid Faster with Automated Invoicing - Pro Efficient Data Entry,1.0
2025-03-10,/,POD Automation Transforms | Pro Efficient Data Entry,1.0
2025-03-10,/accounting-and-finance/,Virtual Assistance Company In USA | Pro Efficient Data Entry,1.0
2025-03-10,/blog/,Blog - Pro Efficient Data Entry,1.0
2025-03-10,/business-process-automation-trends-and-insights-for-2024/,Automation Trends and Insights for 2024 | Pro Efficient,1.0
2025-03-10,/how-cfos-leverage-back-office-support-to-reduce-costs-and-optimize-operations/,How CFOs Leverage Back-Office Support to Reduce Costs and Optimize Operations - Pro Efficient Data Entry,1.0
2025-03-10,/pricing/,Pricing - Pro Efficient Data Entry,1.0
2025-03-10,/reposession-services/,Repossession Services - Pro Efficient Data Entry,1.0
2025-03-10,/reposession-services/,Virtual Assistance Company In USA | Pro Efficient Data Entry,1.0
2025-03-10,/services/,Services - Pro Efficient Data Entry,1.0
2025-03-10,/simple-accurate-proof-of-delivery/,"Simple, Accurate Proof of Delivery - Pro Efficient Data Entry",1.0
2025-03-10,/simplify-load-management-with-automation-for-faster-freight-dispatch/,Simplify Load Management with Automation for Faster Freight Dispatch - Pro Efficient Data Entry,1.0
2025-03-10,/transcription/,Transcription - Pro Efficient Data Entry,1.0
2025-03-12,/blog/,Blogs | Pro Efficient Data Entry,1.0
2025-03-13,/,Data Entry Companies In USA | Pro Efficient Data Entry,1.0
2025-03-13,/blog/,Blogs | Pro Efficient Data Entry,1.0
2025-03-15,/,Repossession Services | Pro Efficient Data Entry,1.0
2025-03-15,/reposession-services/,Virtual Assistance Company In USA | Pro Efficient Data Entry,1.0
2025-03-15,/the-legal-aspect-of-repossession-know-your-rights-as-a-borrower-and-lender/,Repossession Services | Pro Efficient Data Entry,1.0
2025-03-17,/,Data Entry Companies In USA | Pro Efficient Data Entry,1.0
2025-03-17,/get-paid-faster-with-automated-invoicing/,Automated Invoicing Services | Pro Efficient Data Entry,1.0
2025-03-19,/,Automated Invoicing Services | Pro Efficient Data Entry,1.0
2025-03-19,/,Data Entry Companies In USA | Pro Efficient Data Entry,1.0
2025-03-22,/,Data Entry Companies In USA | Pro Efficient Data Entry,1.0
2025-03-25,/,Data Entry Companies In USA | Pro Efficient Data Entry,1.0
2025-03-27,/,Data Entry Companies In USA | Pro Efficient Data Entry,1.0
2025-03-27,/blog/,Blogs | Pro Efficient Data Entry,1.0
2025-03-29,/contact/,Contact US | Pro Efficient Data Entry,1.0
2025-03-29,/crm-support/,CRM Support - Pro Efficient Data Entry,1.0
2025-03-29,/manual-data-entry/,Manual Data Entry Services | Pro Efficient Data Entry,1.0
2025-03-29,/reposession-services/,Virtual Assistance Company In USA | Pro Efficient Data Entry,1.0
2025-03-31,/,Data Entry Companies In USA | Pro Efficient Data Entry,1.0
2025-04-02,/blog/,Blogs | Pro Efficient Data Entry,1.0
2025-04-02,/get-paid-faster-with-automated-invoicing/,Automated Invoicing Services | Pro Efficient Data Entry,1.0
2025-04-06,/,Data Entry Companies In USA | Pro Efficient Data Entry,1.0
2025-04-06,/services/,Data Management Services | Pro Efficient Data Entry,1.0
2025-04-07,/l,Page not found - Pro Efficient Data Entry,1.0
2025-04-07,/reposession-services/,Virtual Assistance Company In USA | Pro Efficient Data Entry,1.0
2025-04-08,/reposession-services/,Virtual Assistance Company In USA | Pro Efficient Data Entry,1.0
2025-04-09,/services/,Data Management Services | Pro Efficient Data Entry,1.0
2025-04-10,/,Back Office Support | Pro Efficient Data Entry,1.0
2025-04-10,/business-process-automation-trends-and-insights-for-2024/,Automation Trends and Insights for 2024 | Pro Efficient,1.0
2025-04-10,/get-paid-faster-with-automated-invoicing/,Automated Invoicing Services | Pro Efficient Data Entry,1.0
2025-04-10,/reposession-services/,Virtual Assistance Company In USA | Pro Efficient Data Entry,1.0
2025-04-10,/simple-accurate-proof-of-delivery/,Automated Invoicing Services | Pro Efficient Data Entry,1.0
2025-04-10,/simplify-load-management-with-automation-for-faster-freight-dispatch/,POD Automation Transforms | Pro Efficient Data Entry,1.0
2025-04-12,/business-process-automation-trends-and-insights-for-2024/,Automation Trends and Insights for 2024 | Pro Efficient,1.0
2025-04-12,/get-paid-faster-with-automated-invoicing/,Automated Invoicing Services | Pro Efficient Data Entry,1.0
2025-04-12,/simple-accurate-proof-of-delivery/,Automated Invoicing Services | Pro Efficient Data Entry,1.0
2025-04-12,/simplify-load-management-with-automation-for-faster-freight-dispatch/,POD Automation Transforms | Pro Efficient Data Entry,1.0
2025-04-12,/submit,Free Social Bookmarking Website | Get high quality backlinks,1.0
2025-04-12,/submit,Global Social Bookmarking Website | Get high quality backlinks,1.0
2025-04-13,/,Data Entry Companies In USA | Pro Efficient Data Entry,1.0
2025-04-14,/,Data Entry Companies In USA | Pro Efficient Data Entry,1.0
2025-04-14,/reposession-services/,Virtual Assistance Company In USA | Pro Efficient Data Entry,1.0
2025-04-16,/,Data Entry Companies In USA | Pro Efficient Data Entry,1.0
2025-04-17,/,Data Entry Companies In USA | Pro Efficient Data Entry,1.0
2025-04-17,/about/,Data Entry USA Company | Pro Efficient Data Entry,1.0
2025-04-19,/404/,Page not found - Pro Efficient Data Entry,1.0
2025-04-19,/get-paid-faster-with-automated-invoicing/,Automated Invoicing Services | Pro Efficient Data Entry,1.0
2025-04-20,/about/,Data Entry USA Company | Pro Efficient Data Entry,1.0
2025-04-20,/services/,Data Management Services | Pro Efficient Data Entry,1.0
2025-04-20,/submit,Free Social Bookmarking Website | Get high quality backlinks,1.0
2025-04-20,/submit,Global Social Bookmarking Website | Get high quality backlinks,1.0
2025-04-20,/submit,Social Bookmarking Sites 2021,1.0
2025-04-22,/,Data Entry Companies In USA | Pro Efficient Data Entry,1.0
2025-04-24,/about/,Data Entry USA Company | Pro Efficient Data Entry,1.0
2025-04-24,/services/,Data Management Services | Pro Efficient Data Entry,1.0
2025-04-24,/transcription/,Transcription | Pro Efficient Data Entry,1.0
2025-04-25,/customer-support/,Customer Support Service | Pro Efficient Data Entry,1.0
2025-04-25,/the-legal-aspect-of-repossession-know-your-rights-as-a-borrower-and-lender/,Repossession Services | Pro Efficient Data Entry,1.0
2025-04-26,/about/,Data Entry USA Company | Pro Efficient Data Entry,1.0
2025-04-28,/contact/,Contact US | Pro Efficient Data Entry,1.0
2025-04-29,/manual-data-entry/,Manual Data Entry Services | Pro Efficient Data Entry,1.0
2025-04-29,/reposession-services/,Virtual Assistance Company In USA | Pro Efficient Data Entry,1.0
2025-04-29,/services/,Data Management Services | Pro Efficient Data Entry,1.0
2025-04-29,/transcription/,Transcription | Pro Efficient Data Entry,1.0
2025-04-30,/blog/,Blogs | Pro Efficient Data Entry,1.0
2025-04-30,/get-paid-faster-with-automated-invoicing/,Automated Invoicing Services | Pro Efficient Data Entry,1.0
2025-04-30,/how-pro-efficient-guarantees-data-security-and-confidentiality-in-all-projects/,How Pro Efficient Guarantees Data Security and Confidentiality in All Projects - Pro Efficient Data Entry,1.0
2025-04-30,/manual-data-entry/,Manual Data Entry Services | Pro Efficient Data Entry,1.0
2025-05-01,/pricing/,Pricing | Pro Efficient Data Entry,1.0
2025-05-01,/reposession-services/,Virtual Assistance Company In USA | Pro Efficient Data Entry,1.0
2025-05-01,/submit,Free Social Bookmarking Website | Get high quality backlinks,1.0
2025-05-02,/services/,Data Management Services | Pro Efficient Data Entry,1.0
2025-05-04,/data-entry-companies-in-the-usa-the-ultimate-guide/,Data Entry Companies in the USA: The Ultimate Guide - Pro Efficient Data Entry,1.0
2025-05-04,/the-importance-of-manual-data-entry-services-in-the-digital-age/,The Importance of Manual Data Entry Services in the Digital Age - Pro Efficient Data Entry,1.0
2025-05-04,/the-legal-aspect-of-repossession-know-your-rights-as-a-borrower-and-lender/,Repossession Services | Pro Efficient Data Entry,1.0
2025-05-06,/404/,Page not found - Pro Efficient Data Entry,1.0
2025-05-06,/blog/,Blogs | Pro Efficient Data Entry,1.0
2025-05-06,/how-pro-efficient-guarantees-data-security-and-confidentiality-in-all-projects/,How Pro Efficient Guarantees Data Security and Confidentiality in All Projects - Pro Efficient Data Entry,1.0
2025-05-08,/contact/,Contact US | Pro Efficient Data Entry,1.0
2025-05-10,/,Data Entry Companies In USA | Pro Efficient Data Entry,1.0
2025-05-10,/contact/,Contact US | Pro Efficient Data Entry,1.0
2025-05-12,/,Data Entry Companies In USA | Pro Efficient Data Entry,1.0
2025-05-13,/,Data Entry Companies In USA | Pro Efficient Data Entry,1.0
2025-05-14,/reposession-services/,Virtual Assistance Company In USA | Pro Efficient Data Entry,1.0
2025-05-15,/crm-support/,CRM Support - Pro Efficient Data Entry,1.0
2025-05-15,/pricing/,Pricing | Pro Efficient Data Entry,1.0
2025-05-15,/reposession-services/,Virtual Assistance Company In USA | Pro Efficient Data Entry,1.0
2025-05-15,/services/,Data Management Services | Pro Efficient Data Entry,1.0
2025-05-17,/about/,Data Entry USA Company | Pro Efficient Data Entry,1.0
