pagePath,pageTitle,screenPageViews,engagedSessions,engagementRate
/,Data Entry Companies In USA | Pro Efficient Data Entry,120.0,54.0,0.45
/blog/,Blogs | Pro Efficient Data Entry,28.0,15.0,0.5357142857142857
/about/,Data Entry USA Company | Pro Efficient Data Entry,15.0,10.0,0.6666666666666666
/how-pro-efficient-guarantees-data-security-and-confidentiality-in-all-projects/,How Pro Efficient Guarantees Data Security and Confidentiality in All Projects - Pro Efficient Data Entry,14.0,9.0,0.6428571428571429
/the-legal-aspect-of-repossession-know-your-rights-as-a-borrower-and-lender/,Repossession Services | Pro Efficient Data Entry,8.0,4.0,0.5
/reposession-services/,Virtual Assistance Company In USA | Pro Efficient Data Entry,7.0,6.0,0.8571428571428571
/contact/,Contact US | Pro Efficient Data Entry,6.0,4.0,0.6666666666666666
/pricing/,Pricing | Pro Efficient Data Entry,5.0,3.0,0.6
/services/,Data Management Services | Pro Efficient Data Entry,5.0,4.0,0.8
/get-paid-faster-with-automated-invoicing/,Automated Invoicing Services | Pro Efficient Data Entry,4.0,2.0,0.5
/manual-data-entry/,Manual Data Entry Services | Pro Efficient Data Entry,4.0,2.0,0.5
/data-entry-companies-in-the-usa-the-ultimate-guide/,Data Entry Companies in the USA: The Ultimate Guide - Pro Efficient Data Entry,3.0,2.0,0.6666666666666666
/submit,Social Bookmarking Sites 2021,3.0,3.0,1.0
/404/,Page not found - Pro Efficient Data Entry,2.0,2.0,1.0
/submit,Free Social Bookmarking Website | Get high quality backlinks,2.0,3.0,1.5
/transcription/,Transcription | Pro Efficient Data Entry,2.0,2.0,1.0
/crm-support/,CRM Support - Pro Efficient Data Entry,1.0,1.0,1.0
/customer-support/,Customer Support Service | Pro Efficient Data Entry,1.0,1.0,1.0
/submit,Global Social Bookmarking Website | Get high quality backlinks,1.0,1.0,1.0
/the-importance-of-manual-data-entry-services-in-the-digital-age/,The Importance of Manual Data Entry Services in the Digital Age - Pro Efficient Data Entry,1.0,1.0,1.0
/,1 new message,0.0,19.0,inf
/about/,1 new message,0.0,2.0,inf
/blog/,1 new message,0.0,2.0,inf
/how-pro-efficient-guarantees-data-security-and-confidentiality-in-all-projects/,1 new message,0.0,3.0,inf
/reposession-services/,1 new message,0.0,1.0,inf
/submit,1 new message,0.0,4.0,inf
