"Post ID","Page ID","Page name",Title,Description,"Duration (secs)","Publish time","Caption type",Permalink,"Is crosspost","Is share","Post type",Languages,"Custom labels","Funded content status","Data comment",Date,Views,Reach,"Reactions, comments and shares",Reactions,Comments,Shares,"Total clicks","Other clicks","Seconds viewed","Average Seconds viewed","Estimated earnings (USD)","Ad impressions","Ad CPM (USD)"
122117705576644102,61569323067856,"Pro Efficient Data Entry","What feature do you value most in a data entry service? Accuracy, speed, or security? 

Contact Us : +1201 920 9709
Mail Us : info@proefficientdataentry.com
Visit us : https://www.proefficientdataentry.com

#ProefficientDataEntry #DataAccuracy #SpeedAndEfficiency #SecureData #DataManagement #SeamlessOperations #BusinessSolutions #DataProcessing",,0,"02/17/2025 04:36",N/A,https://www.facebook.com/permalink.php?story_fbid=pfbid0RD1uMxXaHhzcJAUtob6sBURJA4wStAma8NXgD9sqW3R3L86VACxs6Kox4rFSRhqDl&id=61569323067856,0,0,Photos,,,,,Lifetime,0,0,0,0,0,0,0,,,,,,
122117779778644102,61569323067856,"Pro Efficient Data Entry","CRM support enhances customer relationships, boosts sales, organizes data, improves team productivity, and enables data-driven decisions. Streamline operations and grow your business efficiently with expert CRM solutions! 

Contact Us : +1201 920 9709
Mail Us : info@proefficientdataentry.com
Visit us : https://www.proefficientdataentry.com

#CRMSupport #CustomerRelationships #BusinessGrowth #SalesBoost #DataManagement #Productivity #CRMSolutions #BusinessSuccess #CustomerExperience #Automation #EfficientWorkflows #LeadManagement #TechForBusiness #DataDriven #SmartBusiness",,0,"02/17/2025 17:30",N/A,https://www.facebook.com/permalink.php?story_fbid=pfbid0z7gUdz2jQWYca9ijnU88YnyvCJhAmErzQaKbdN9t3WngWtymvaVV43DqfvNjQhTKl&id=61569323067856,0,0,Photos,,,,,Lifetime,3,3,0,0,0,0,0,,,,,,
122117933744644102,61569323067856,"Pro Efficient Data Entry","From speed to accuracy, we deliver excellence! Proefficient Data Entry ensures precise, fast, and reliable data solutions for your business success. Trust the experts!

Contact Us : +1201 920 9709
Mail Us : info@proefficientdataentry.com
Visit us : https://www.proefficientdataentry.com

#SpeedToAccuracy #ProefficientDataEntry #DataPrecision #FastAndAccurate #ReliableData #EfficiencyMatters #DataSolutions #ExpertDataEntry",,0,"02/18/2025 23:24",N/A,https://www.facebook.com/permalink.php?story_fbid=pfbid024MjQ6bSy28W8Lyptp3XByM2k9XFW1xiknkiN7zX7GrBMeN49oVn9fnUDariwbW79l&id=61569323067856,0,0,Photos,,,,,Lifetime,1,1,0,0,0,0,0,,,,,,
122118070784644102,61569323067856,"Pro Efficient Data Entry","Take control of your finances with Proefficient Data Entry! 📊💰 Smart accounting solutions to boost profits and efficiency. Master your finances today! 

Contact Us : +1201 920 9709
Mail Us : info@proefficientdataentry.com
Visit us : https://www.proefficientdataentry.com

#ProefficientDataEntry #MasterYourFinances #FinancialSuccess #AccountingSolutions #BusinessGrowth #DataEntryExperts #FinanceManagement #OptimizeProfits #SmartBusiness #MoneyMatters",,0,"02/19/2025 22:46",N/A,https://www.facebook.com/permalink.php?story_fbid=pfbid0B2mnnqVJkrjH3HwyWp23fjWfCzFmFc9P1WUD77AHBY4tYwjX5Wu9ZriVdo8uSQFxl&id=61569323067856,0,0,Photos,,,,,Lifetime,2,2,0,0,0,0,0,,,,,,
122118285086644102,61569323067856,"Pro Efficient Data Entry","Struggling with endless data errors, missing entries, and manual hassles? Proefficient Data Entry ensures accuracy, efficiency, and stress-free data management every day!

Contact Us : +1201 920 9709
Mail Us : info@proefficientdataentry.com
Visit us : https://www.proefficientdataentry.com

#DataStruggles #ProefficientDataEntry #DataAccuracy #EfficiencyMatters #SeamlessData #ErrorFreeWork #SmartDataManagement",,0,"02/21/2025 05:08",N/A,https://www.facebook.com/permalink.php?story_fbid=pfbid02gwnyNdhkAxr9bW2AE6vTN2a6ina5GMBnix733nDLf25UvPZrPeuhgMmaH3VAtkPCl&id=61569323067856,0,0,Photos,,,,,Lifetime,13,3,0,0,0,0,0,,,,,,
122118907058644102,61569323067856,"Pro Efficient Data Entry","Service excellence begins with Proefficient Data Entry. Experience accuracy, efficiency, and reliability in data management. Let us elevate your business operations today!

Contact Us : +1201 920 9709
Mail Us : info@proefficientdataentry.com
Visit us : https://www.proefficientdataentry.com

#DataEntry #Proefficient #ServiceExcellence #DataManagement #BusinessEfficiency #AccuracyMatters #DataProcessing #ReliableService #BusinessSolutions #DataDriven #EfficiencyExperts #DataQuality #StreamlineOperations #BusinessGrowth #ProfessionalServices",,0,"02/25/2025 08:06",N/A,https://www.facebook.com/permalink.php?story_fbid=pfbid02rhHPY3imGSuie7q7Boy38ZhWJ9NfS9CGNhTyuoFWQq6eTy7BvdVFLk6SVGeD1Eepl&id=61569323067856,0,0,Photos,,,,,Lifetime,2,2,0,0,0,0,0,,,,,,
122119023044644102,61569323067856,"Pro Efficient Data Entry","Experience precision in every stroke with Proefficient Data Entry. Your data deserves our accuracy. Trust us to handle your data entry needs seamlessly and efficiently.

Contact Us : +1201 920 9709
Mail Us : info@proefficientdataentry.com
Visit us : https://www.proefficientdataentry.com

#DataEntry #Proefficient #DataAccuracy #BusinessSolutions #DataManagement #Efficiency #DataProcessing #AdministrativeSupport #BusinessServices #Outsourcing #DataEntryServices #AccuracyMatters #StreamlineYourWork #ProfessionalServices #DataExperts",,0,"02/26/2025 04:30",N/A,https://www.facebook.com/permalink.php?story_fbid=pfbid0xVKjtswTJ3h7karBdYHp7vAbqBix3VEpUhdxNR6qksUYW6hDVa6VCKmGYspF8Pxyl&id=61569323067856,0,0,Photos,,,,,Lifetime,2,2,0,0,0,0,0,,,,,,
122119163618644102,61569323067856,"Pro Efficient Data Entry","Boost productivity and cut costs with ProEfficient Data Entry—where accuracy meets speed, ensuring seamless data management for your business success!

Contact Us : +1201 920 9709
Mail Us : info@proefficientdataentry.com
Visit us : https://www.proefficientdataentry.com

#ProEfficientDataEntry #EfficiencyMeetsSaving #SmartDataSolutions #SeamlessDataManagement #DataEntryExperts #ProductivityBoost #CostEffectiveSolutions #AccurateData #BusinessSuccess #SpeedAndAccuracy",,0,"02/27/2025 04:52",N/A,https://www.facebook.com/permalink.php?story_fbid=pfbid02Zv17ysXHe8mKuXaHHDNrbSLyMT1rbyJ31GrJWAEb4VHBTPBFKCQitUTqQYtC1HU8l&id=61569323067856,0,0,Photos,,,,,Lifetime,4,3,1,1,0,0,0,,,,,,
122119421468644102,61569323067856,"Pro Efficient Data Entry","From focus to clarity and accuracy, Proefficient Data Entry ensures precision-driven results. 

📊✨ Boost efficiency with seamless data management and error-free solutions. Trust us for perfection! 

Contact Us : +1201 920 9709
Mail Us : info@proefficientdataentry.com
Visit us : https://www.proefficientdataentry.com

#FocusToClarity ✅ #ProefficientDataEntry 📊 #AccuracyMatters ✨ #DataPrecision 🔍 #SeamlessSolutions 💻 #ErrorFreeResults ✅ #EfficiencyBoost 🚀 #SmartDataManagement 📑 #ReliableServices 🔹 #DataExcellence 📈",,0,"02/28/2025 22:01",N/A,https://www.facebook.com/permalink.php?story_fbid=pfbid0egXLiFQohhXFBifN4d2B7GbWTQqnWyE2aHHygF9KM1V1QptbKEfJ13cvty7gawJNl&id=61569323067856,0,0,Photos,,,,,Lifetime,1,2,1,1,0,0,0,,,,,,
122119743644644102,61569323067856,"Pro Efficient Data Entry","Data Entry Demystified: Unlock efficiency and accuracy! Master essential skills, streamline workflows, and boost productivity with precision. Elevate your data game today!

Contact Us : +1201 920 9709
Mail Us : info@proefficientdataentry.com
Visit us : https://www.proefficientdataentry.com

#DataEntry #ProductivityBoost #EfficiencyMatters #WorkSmart #DataManagement #AccuracyMatters #StreamlineWorkflows #SkillEnhancement #DataProficiency #BoostProductivity #OrganizedData #WorkEfficiency #BusinessGrowth #TimeManagement #DataEntryExperts",,0,"03/03/2025 05:08",N/A,https://www.facebook.com/permalink.php?story_fbid=pfbid02UW8foQR1WD5z29XtHfCPHPdSePvB44u6Nm3XXEWFhqBfzRpksGEYme1rkmy7XVUsl&id=61569323067856,0,0,Photos,,,,,Lifetime,2,3,1,1,0,0,0,,,,,,
122119857614644102,61569323067856,"Pro Efficient Data Entry","Unlock Success with Accurate Data Insights! 

Proefficient Data Entry ensures precision, efficiency, and reliability for your business. Make informed decisions with flawless data management today!

Contact Us : +1201 920 9709
Mail Us : info@proefficientdataentry.com
Visit us : https://www.proefficientdataentry.com

#ProefficientDataEntry #AccurateData #DataDrivenSuccess #UnlockSuccess #SmartDecisions #EfficientDataManagement #PrecisionMatters #ReliableData #FlawlessEntry #BusinessGrowth#DataIntegrity #SuccessWithData #OptimizeWithAccuracy #TrustYourData #StreamlineSuccess",,0,"03/04/2025 04:02",N/A,https://www.facebook.com/permalink.php?story_fbid=pfbid02SSmQPtVLo8vde67APruLyABYPmYg3VvRTs7cHgLoHors3KJcJfiH6JS1oDVPDNkul&id=61569323067856,0,0,Photos,,,,,Lifetime,1,1,1,1,0,0,0,,,,,,
122119987700644102,61569323067856,"Pro Efficient Data Entry","Precision at Its Best! ProEfficient Data Entry ensures 99.9% accuracy with expert manual data entry services. Reliable, error-free, and efficient—trust us with your data!

Contact Us : +1201 920 9709
Mail Us : info@proefficientdataentry.com
Visit us : https://www.proefficientdataentry.com

#DataEntry #ManualDataEntry #AccuracyMatters #ErrorFreeData #ProEfficientData #DataPrecision #ReliableData #EfficientSolutions #DataManagement #BusinessSolutions #FlawlessEntry #DataExperts #HighAccuracy #99PercentAccuracy #DataProcessing",,0,"03/05/2025 03:38",N/A,https://www.facebook.com/permalink.php?story_fbid=pfbid0Hdt972joKFK8qfwkgN3PtwkfRgt4mHrubPo4NJWiJzZw8PfcWDDfUKwG8yHJXLWpl&id=61569323067856,0,0,Photos,,,,,Lifetime,9,5,1,1,0,0,2,2,,,,,
122120116736644102,61569323067856,"Pro Efficient Data Entry","Effortless Data Management Starts Here! ✅ Let ProEfficient Data Entry handle your data with accuracy, speed, and efficiency – so you can focus on growth. 

Contact Us : +1201 920 9709
Mail Us : info@proefficientdataentry.com
Visit us : https://www.proefficientdataentry.com

#ProEfficientDataEntry #DataManagement #EffortlessData #DataExperts #AccurateData #SmartDataSolutions #StreamlineYourData",,0,"03/06/2025 00:14",N/A,https://www.facebook.com/permalink.php?story_fbid=pfbid029wKbM6jBnEBNaAqrfCgcD4fX7a3QFoPTYeFSVjztDB36WsfrReyv6EkWcLq3iFn1l&id=61569323067856,0,0,Photos,,,,,Lifetime,2,3,1,1,0,0,0,,,,,,
122120278616644102,61569323067856,"Pro Efficient Data Entry","Errors vs. Efficiency: Which Data Entry Method Works Best? Maximize accuracy and productivity with Proefficient Data Entry—where automation meets precision for seamless data management!

Contact Us : +1201 920 9709
Mail Us : info@proefficientdataentry.com
Visit us : https://www.proefficientdataentry.com

#DataEntry #AutomationVsManual #EfficiencyMatters #SmartDataManagement #ProefficientDataEntry #AccuracyFirst #ProductivityBoost #ErrorFreeData #SeamlessWorkflow #DataSolutions",,0,"03/07/2025 03:42",N/A,https://www.facebook.com/permalink.php?story_fbid=pfbid02YUtofeAo9Yh4ru4TmMQAggNJJbTorSBgV9c1VCSYqcDaZG2VBQCDKnsHLhxNrzYVl&id=61569323067856,0,0,Photos,,,,,Lifetime,5,3,1,1,0,0,0,,,,,,
122120422766644102,61569323067856,"Pro Efficient Data Entry","Happy International Women’s Day! Celebrating the strength, resilience, and achievements of women everywhere. Keep inspiring, leading, and breaking barriers. You are unstoppable!

Contact Us : +1201 920 9709
Mail Us : info@proefficientdataentry.com
Visit us : https://www.proefficientdataentry.com

#InternationalWomensDay #WomensDay2025 #EmpowerHer #CelebrateWomen #WomenInspire #StrongerTogether",,0,"03/08/2025 03:12",N/A,https://www.facebook.com/permalink.php?story_fbid=pfbid02i4Z9NpG6hHfWcJr2U9Qk689Aep5mE5mggGpU1Edp9eZ8Bqcfd441gqFTam3C9PU6l&id=61569323067856,0,0,Photos,,,,,Lifetime,5,2,1,1,0,0,1,1,,,,,
122120677988644102,61569323067856,"Pro Efficient Data Entry","Want to discover some crazy facts? Follow Proefficient Data Entry for mind-blowing insights, data trends, and expert tips. Stay informed, stay ahead!

Contact Us : +1201 920 9709
Mail Us : info@proefficientdataentry.com
Visit us : https://www.proefficientdataentry.com

#CrazyFacts #ProefficientDataEntry #DataInsights #StayInformed #MindBlowingFacts #DataTrends #DidYouKnow #FactOfTheDay #KnowledgeMatters #stayaheadofthecompetition",,0,"03/09/2025 22:16",N/A,https://www.facebook.com/permalink.php?story_fbid=pfbid037W7RupxRxyseihEjUzjJ7p2jrmDwq2b8WR3zhy5RVQauBHEGwaNqog9oRvGDcqRnl&id=61569323067856,0,0,Photos,,,,,Lifetime,3,3,1,1,0,0,0,,,,,,
122120861750644102,61569323067856,"Pro Efficient Data Entry","Automated data entry boosts speed & accuracy, while manual ensures control & flexibility. Choose efficiency with Proefficient Data Entry—where automation meets precision! 

Contact Us : +1201 920 9709
Mail Us : info@proefficientdataentry.com
Visit us : https://www.proefficientdataentry.com

#ProefficientDataEntry #DataAutomation #ManualVsAutomated #SmartDataEntry #EfficiencyMatters #DataAccuracy #AutomationBenefits #SeamlessProcessing #BoostProductivity #TechDrivenSolutions","Automated data entry boosts speed & accuracy, while manual ensures control & flexibility. Choose efficiency with Proefficient Data Entry—where automation meets precision! 

Contact Us : +1201 920 9709
Mail Us : info@proefficientdataentry.com
Visit us : https://www.proefficientdataentry.com

#ProefficientDataEntry #DataAutomation #ManualVsAutomated #SmartDataEntry #EfficiencyMatters #DataAccuracy #AutomationBenefits #SeamlessProcessing #BoostProductivity #TechDrivenSolutions",37,"03/11/2025 04:39",N/A,https://www.facebook.com/reel/632327922990275/,0,0,Reels,,,,,Lifetime,2,3,1,1,0,0,0,,1.389,0.694,0,0,
122120973458644102,61569323067856,"Pro Efficient Data Entry","Clear the air, break the habit! This No Smoking Day, choose health over haze. Quit now for a brighter, smoke-free future!

Contact Us : +1201 920 9709
Mail Us : info@proefficientdataentry.com
Visit us : https://www.proefficientdataentry.com

#NoSmokingDay2025 #BreatheFresh #SmokeFreeLife #QuitSmoking #StayHealthy #FreshStart #HealthyLiving #KickTheHabit #SayNoToSmoking #LiveSmokeFree",,0,"03/11/2025 23:05",N/A,https://www.facebook.com/permalink.php?story_fbid=pfbid02GgcxW2JaHf9tRoxUSr31kukTMixdo5K7TXfh8pJedHarMrvfQyxGuD5wB8889Tmzl&id=61569323067856,0,0,Photos,,,,,Lifetime,3,4,1,1,0,0,0,,,,,,
122121248420644102,61569323067856,"Pro Efficient Data Entry","Celebrate this Holi with bright colors, sweet moments, and endless joy. May your life be filled with happiness and love. Wishing you a Happy Holi

Contact Us : +1201 920 9709
Mail Us : info@proefficientdataentry.com
Visit us : https://www.proefficientdataentry.com

#FestivalOfColors #Holi2025 #ColorfulVibes #CelebrateWithJoy #HoliHappiness #BrightAndBeautiful #SpreadColors #FestiveMood #JoyfulHoli",,0,"03/13/2025 22:26",N/A,https://www.facebook.com/permalink.php?story_fbid=pfbid0JBfPW1NDUKAWHtFrN93wjw8kysfGAqXRLPye7wwK6hFbifZXTP1S6hx22EAKCUghl&id=61569323067856,0,0,Photos,,,,,Lifetime,2,3,1,1,0,0,0,,,,,,
122121474620644102,61569323067856,"Pro Efficient Data Entry","Choose Proficient Data Entry to enhance accuracy, efficiency, and speed in your projects. 

Stand out from the competition with reliable, high-quality data management solutions.

Contact Us : +1201 920 9709
Mail Us : info@proefficientdataentry.com
Visit us : https://www.proefficientdataentry.com

#DataProcessing #BusinessSolutions #Efficiency #DataQuality #VirtualAssistant #FreelanceServices #BusinessGrowth #DataDriven #Outsource #TechSolutions #Productivity #RemoteWork","Choose Proficient Data Entry to enhance accuracy, efficiency, and speed in your projects. 

Stand out from the competition with reliable, high-quality data management solutions.

Contact Us : +1201 920 9709
Mail Us : info@proefficientdataentry.com
Visit us : https://www.proefficientdataentry.com

#DataProcessing #BusinessSolutions #Efficiency #DataQuality #VirtualAssistant #FreelanceServices #BusinessGrowth #DataDriven #Outsource #TechSolutions #Productivity #RemoteWork",41,"03/15/2025 03:06",N/A,https://www.facebook.com/61569323067856/videos/1151179272886419/,0,0,Videos,,,,,Lifetime,15,13,1,1,0,0,0,,5.521,0.424,0,0,0
122121956168644102,61569323067856,"Pro Efficient Data Entry","Precision at Every Keystroke! Experience proficient data entry with accuracy, speed, and reliability. Streamline your workflow with our expert solutions for flawless results.

Contact Us : +1201 920 9709
Mail Us : info@proefficientdataentry.com
Visit us : https://www.proefficientdataentry.com

#PrecisionAtEveryKeystroke #DataEntryExperts #EffortlessAccuracy #FlawlessData #ProficientTyping #FastAndAccurate #DataProcessing #SeamlessWorkflow #TypingPerfection #AccuracyMatters #EfficientDataEntry #ReliableResults",,0,"03/18/2025 15:07",N/A,https://www.facebook.com/permalink.php?story_fbid=pfbid0s7Jwnd2F6zX7eotrzJ1gaPjgVKymMnFdypXFjKJBWiEmUuJzz96jwxcoUKSYPA62l&id=61569323067856,0,0,Photos,,,,,Lifetime,4,3,1,1,0,0,0,,,,,,
122122020248644102,61569323067856,"Pro Efficient Data Entry","At Proefficient Data Entry, precision meets efficiency! Streamline data, boost accuracy, and power businesses with seamless record management. 

Contact Us : +1201 920 9709
Mail Us : info@proefficientdataentry.com
Visit us : https://www.proefficientdataentry.com

#DataEntry #ProefficientDataEntry #DataManagement #EfficientWork #AccuracyMatters #DataProcessing #WorkSmart #ProductivityBoost #SeamlessRecords #BusinessEfficiency #DataExperts",,0,"03/19/2025 04:10",N/A,https://www.facebook.com/permalink.php?story_fbid=pfbid08VZLCskD9wvmcdoa3GqShRMWQ4Ykv2Wqnyp6EUdo4aAP7HZsDi5N99rLZZZoJJsel&id=61569323067856,0,0,Photos,,,,,Lifetime,3,3,1,1,0,0,0,,,,,,
122122125962644102,61569323067856,"Pro Efficient Data Entry","Have questions about Proefficient Data Entry? Explore our FAQs for insights on services, accuracy, turnaround time, and pricing. Get efficient data solutions today!

Contact Us : +1201 920 9709
Mail Us : info@proefficientdataentry.com
Visit us : https://www.proefficientdataentry.com

#ProefficientDataEntry #DataEntrySolutions #EfficientData #FAQs #DataManagement #AccurateData #BusinessSolutions #DataProcessing #FastAndReliable #DataExperts #SeamlessData #SmartDataHandling #DataEntryServices #ProductivityBoost #OptimizedWorkflows",,0,"03/19/2025 22:42",N/A,https://www.facebook.com/permalink.php?story_fbid=pfbid0cEYu4nFnpbXoeqTyWQGTG4cK4wK4kihhfqApGt6s2PHo1bxv8tf2RtbCDgpPHvFtl&id=61569323067856,0,0,Photos,,,,,Lifetime,5,2,1,1,0,0,0,,,,,,
122122301288644102,61569323067856,"Pro Efficient Data Entry","Discover essential time-saving tips for flawless data entry. Streamline your process, enhance accuracy, and boost productivity. Work smarter, not harder, for optimal results!

Contact Us : +1201 920 9709
Mail Us : info@proefficientdataentry.com
Visit us : https://www.proefficientdataentry.com

DataEntry #ProductivityTips #TimeSaving #WorkSmarter #Efficiency #DataManagement #OfficeHacks #AccuracyMatters #WorkflowOptimization",,0,"03/21/2025 04:15",N/A,https://www.facebook.com/permalink.php?story_fbid=pfbid02CaUsZRQYLCjKco4pk4d7Sv7hipu2QvSWFnwWiC9ck8JzdiMB6tpcdkd9ESJGgazl&id=61569323067856,0,0,Photos,,,,,Lifetime,4,2,1,1,0,0,0,,,,,,
122122479266644102,61569323067856,"Pro Efficient Data Entry","Happy World Water Day! Let's celebrate and protect our most precious resource. 

Together, we can promote sustainable water management and ensure access for all. Every drop counts!

Contact Us : +1201 920 9709
Mail Us : info@proefficientdataentry.com
Visit us : https://www.proefficientdataentry.com

#SaveWater #ConserveWater #CleanWaterForAll #WaterConservation #ProtectOurWater #EveryDropCounts #WaterAwareness #SustainableWater #WaterForFuture",,0,"03/22/2025 04:01",N/A,https://www.facebook.com/permalink.php?story_fbid=pfbid02e1KJpGZYzDHnYvkqrgFkder3trhw8f79bM2M3LKkcpCfNzpMYmj7qo8TWKp8YwqBl&id=61569323067856,0,0,Photos,,,,,Lifetime,2,2,1,1,0,0,0,,,,,,
122122757162644102,61569323067856,"Pro Efficient Data Entry","Protect your business with Proefficient Data Entry services. We ensure data security with accuracy, confidentiality, and efficient processing to safeguard your valuable information every time.

Contact Us : +1201 920 9709
Mail Us : info@proefficientdataentry.com
Visit us : https://www.proefficientdataentry.com

#DataSecurity #ProefficientDataEntry #SecureData #DataProtection #ConfidentialityMatters #AccurateData #SafeAndSecure #BusinessSecurity #DataPrivacy",,0,"03/24/2025 04:46",N/A,https://www.facebook.com/permalink.php?story_fbid=pfbid02o4HjxVaBf9kzwZWaq5hJvpo5ozeHhXReAocWhCLDnkAmuRosiQUiAR6bBjxNMrsol&id=61569323067856,0,0,Photos,,,,,Lifetime,1,2,1,1,0,0,0,,,,,,
122122901978644102,61569323067856,"Pro Efficient Data Entry","Outsource your way to efficiency with Proefficient Data Entry! Boost accuracy, save time, and streamline operations effortlessly. Let us handle the details while you grow!

Contact Us : +1201 920 9709
Mail Us : info@proefficientdataentry.com
Visit us : https://www.proefficientdataentry.com

#OutsourceSuccess #DataEntryExperts #ProefficientSolutions #BusinessEfficiency #DataManagement #SmartOutsourcing #AccuracyMatters #WorkSmarter #StreamlineYourBusiness #ProductivityBoost",,0,"03/25/2025 03:55",N/A,https://www.facebook.com/permalink.php?story_fbid=pfbid0vmPxdSMfqSoxCcYhmAmjNwGC3Nc4LB2BxH3SzEUsoat8DNccX7nfiexKg3chmMftl&id=61569323067856,0,0,Photos,,,,,Lifetime,2,3,1,1,0,0,0,,,,,,
122123042762644102,61569323067856,"Pro Efficient Data Entry","What's your biggest challenge in data management? Security, accuracy, integration, or scalability? Share your thoughts—we're here to help you overcome them! 

Contact Us : +1201 920 9709
Mail Us : info@proefficientdataentry.com
Visit us : https://www.proefficientdataentry.com

#DataManagement #BigData #DataSecurity #DataAnalytics #DataDriven #DataChallenges #CloudComputing #ITSolutions #DataStrategy #BusinessIntelligence #TechSolutions #DataIntegration #AIandData #SecureData #DataGovernance",,0,"03/26/2025 06:23",N/A,https://www.facebook.com/permalink.php?story_fbid=pfbid02rwG96kgpG8RY9Ah5FwmLDMGeP8THGmtg2c8TfmJXezcttyMfo36zoaZXzKR76nGsl&id=61569323067856,0,0,Photos,,,,,Lifetime,2,3,1,1,0,0,0,,,,,,
122123189462644102,61569323067856,"Pro Efficient Data Entry","Accurate data you can trust, insights you can leverage! Proefficient Data Entry ensures precision, reliability, and efficiency for your business success.

Contact Us : +1201 920 9709
Mail Us : info@proefficientdataentry.com
Visit us : https://www.proefficientdataentry.com

#DataYouCanTrust #InsightsYouCanUse #ProefficientDataEntry #AccurateData #ReliableInsights #DataDriven #BusinessSuccess #EfficiencyMatters #SmartDataSolutions #SeamlessDataEntry #PrecisionMatters #TrustedData #DataProcessing #BoostYourBusiness",,0,"03/27/2025 04:18",N/A,https://www.facebook.com/permalink.php?story_fbid=pfbid02FC1wwJoJ6P6Au2QvqqqY44efixyntN21KJszN7dzsWw1sScZew4hbqAUPPznapa7l&id=61569323067856,0,0,Photos,,,,,Lifetime,3,4,1,1,0,0,0,,,,,,
122123690930644102,61569323067856,"Pro Efficient Data Entry","Wishing you a wonderful Eid filled with sweet moments, cherished memories, and laughter. May your prayers be answered and your dreams come true this year.

Contact Us : +1201 920 9709
Mail Us : info@proefficientdataentry.com
Visit us : https://www.proefficientdataentry.com

#EidAlFitr #EidCelebration #EidVibes #Eid2025 #EidJoy #EidBlessings  #EidFamily #EidPrayers #EidFeast",,0,"03/30/2025 19:58",N/A,https://www.facebook.com/permalink.php?story_fbid=pfbid01RumsS6UzuGVLQCsqMFsbtEseioWJZYKBvwFfWJqipJ6XdvGxz1d1JPCinLpgLvMl&id=61569323067856,0,0,Photos,,,,,Lifetime,1,1,0,0,0,0,0,,,,,,
122123826188644102,61569323067856,"Pro Efficient Data Entry","Unlock your potential and elevate your leadership abilities! Join our program to transform your management skills and rise to the challenge. Embrace growth and success!

Contact Us : +1201 920 9709
Mail Us : info@proefficientdataentry.com
Visit us : https://www.proefficientdataentry.com

#ManagementSkills #Leadership #ProfessionalDevelopment #RiseToTheChallenge #TransformYourCareer",,0,"03/31/2025 20:44",N/A,https://www.facebook.com/permalink.php?story_fbid=pfbid02Ng8N29WYCaKobGKxd2seeMqQrPe6wKcJuxdC5HsL1HeTriKe1AGxfjQ5SjXKD5qRl&id=61569323067856,0,0,Photos,,,,,Lifetime,1,1,0,0,0,0,0,,,,,,
122123972372644102,61569323067856,"Pro Efficient Data Entry","Looking for efficient virtual assistance? 

Our proficient data entry services ensure accurate and timely handling of your information.

Let us streamline your workload, so you can focus on what matters most.

Contact us today!

Contact Us : +1201 920 9709
Mail Us : info@proefficientdataentry.com
Visit us : https://www.proefficientdataentry.com

#Productivity #Outsource #AdminSupport #Efficiency #SmallBusiness #TimeManagement #Freelance #VirtualOffice #WorkSmart #TaskManagement #BusinessGrowth",,0,"04/01/2025 23:33",N/A,https://www.facebook.com/permalink.php?story_fbid=pfbid0rmepKNouqUWoRcEqPWhu2dumdyBcLyX6QUWE5KFzPH2qWUM1cYoGc6kE9Xm2zz7Ql&id=61569323067856,0,0,Photos,,,,,Lifetime,1,1,0,0,0,0,0,,,,,,
122124137360644102,61569323067856,"Pro Efficient Data Entry","Proficient Data Entry transforms your data into actionable insights, driving efficiency and growth. 

Experience seamless accuracy and watch your business thrive with our expert solutions.

Contact us today!

Contact Us : +1201 920 9709
Mail Us : info@proefficientdataentry.com
Visit us : https://www.proefficientdataentry.com

#DataSolutions #BusinessGrowth #DataInsights #Productivity #DataDriven #BusinessIntelligence #DataProcessing #Automation #Efficiency #DataAnalysis #TechSolutions",,0,"04/03/2025 06:20",N/A,https://www.facebook.com/permalink.php?story_fbid=pfbid0zJiEJTFyAn6whMjfE8gqVSVh4X4xR3Y1wLnZVVp2P9E5KMazhyutPXoeeKzJCJuTl&id=61569323067856,0,0,Photos,,,,,Lifetime,0,0,0,0,0,0,0,,,,,,
122124273008644102,61569323067856,"Pro Efficient Data Entry","At Profficient Data Entry, we believe in providing solutions with a smile. Our dedicated team ensures accurate, efficient data management to meet your needs with a positive attitude!

Contact Us : +1201 920 9709
Mail Us : info@proefficientdataentry.com
Visit us : https://www.proefficientdataentry.com

For More info : https://wa.link/kc8ki2 

#EfficientSolutions #DataProcessing #BusinessSupport #Teamwork #CustomerSatisfaction #ProfficientData #DataExperts #SolutionsWithASmile #DataDriven",,0,"04/04/2025 06:18",N/A,https://www.facebook.com/permalink.php?story_fbid=pfbid06B7vYA2YVQZSSWEWD9THfZzY8rwGGCYKXsVLir947PyqP9W9VSEyDR4XVFkjBGthl&id=61569323067856,0,0,Photos,,,,,Lifetime,0,0,0,0,0,0,0,,,,,,
122124622652644102,61569323067856,"Pro Efficient Data Entry","On World Health Day 2025, let’s commit to healthier lives, stronger communities, and equal access to care. Health is a right—protect it, prioritize it, live it.

Contact Us : +1201 920 9709
Mail Us : info@proefficientdataentry.com
Visit us : https://www.proefficientdataentry.com

#WorldHealthDay #HealthForAll #StayHealthy #GlobalHealth #WellnessMatters #HealthIsWealth",,0,"04/06/2025 23:24",N/A,https://www.facebook.com/permalink.php?story_fbid=pfbid02zTLa5Ez15Xe8wSzZLHdrkaJ6K3pJrcsZTj1eWQzghnXtpcFTfek3Jd2P6K9VMZDgl&id=61569323067856,0,0,Photos,,,,,Lifetime,1,2,0,0,0,0,0,,,,,,
122124817550644102,61569323067856,"Pro Efficient Data Entry","Partner with Proefficient Data Entry for fast, accurate, and reliable outsourcing solutions. We handle your data with care, so you can focus on growth.

Contact Us: +1201 920 9709

Mail Us : info@proefficientdataentry.com

Visit us: https://www.proefficientdataentry.com

#DataEntry #Outsourcing Partner #Efficiency

#BusinessGrowth #Proficient Solutions",,0,"04/08/2025 08:43",N/A,https://www.facebook.com/permalink.php?story_fbid=pfbid02MxX3AvxQVTwcWurhoGkthYKkyM9J4iXg8uSAGdoznvFRrJn9jr4WdqUDEcypBuspl&id=61569323067856,0,0,Photos,,,,,Lifetime,3,3,0,0,0,0,0,,,,,,
122124894434644102,61569323067856,"Pro Efficient Data Entry","Trust Proefficient Data Entry for fast, reliable repossession services. 

We ensure secure handling, accurate documentation, and timely recovery—backed by professional expertise and a commitment to compliance and client satisfaction.

Contact Us : +1201 920 9709
Mail Us : info@proefficientdataentry.com
Visit us : https://www.proefficientdataentry.com

#RepossessionServices #AssetRecovery #SecureRepossession #RecoverySolutions #RepossessionExperts #TimelyRecovery #CollateralRecovery #RecoveryManagement #VehicleRecovery #AssetProtection #ProefficientServices #ProfessionalSolutions #BusinessSupport #ReliableServices #ClientFocused #TrustedPartner #EfficientWorkflow",,0,"04/08/2025 22:54",N/A,https://www.facebook.com/permalink.php?story_fbid=pfbid02Pm9Bu5zVsWnqKDuqNam2Bhp4k5CYTJ85GrEmvWBkmVuerDA2vJUxLde2xXpcvNDJl&id=61569323067856,0,0,Photos,,,,,Lifetime,1,1,0,0,0,0,0,,,,,,
122125057058644102,61569323067856,"Pro Efficient Data Entry","Let's have a look at Proefficient Data Entry client responses—25 words of praise, reliability, and satisfaction that reflect our commitment to precision, speed, and exceptional service.

Contact Us : ‪+1201 920 9709‬
Mail Us : info@proefficientdataentry.com
Visit us : https://www.proefficientdataentry.com 

#ProefficientDataEntry #ClientLove #DataWithPrecisio  #HappyClients #DataEntryExperts #ReliableService #BusinessSupport #AccuracyMatters #ClientFeedback","Let's have a look at Proefficient Data Entry client responses—25 words of praise, reliability, and satisfaction that reflect our commitment to precision, speed, and exceptional service.

Contact Us : ‪+1201 920 9709‬
Mail Us : info@proefficientdataentry.com
Visit us : https://www.proefficientdataentry.com 

#ProefficientDataEntry #ClientLove #DataWithPrecisio  #HappyClients #DataEntryExperts #ReliableService #BusinessSupport #AccuracyMatters #ClientFeedback",55,"04/10/2025 03:52",N/A,https://www.facebook.com/61569323067856/videos/1664640321091714/,0,0,Videos,,,,,Lifetime,4,4,0,0,0,0,0,,3.504,0.876,0,0,0
122125171502644102,61569323067856,"Pro Efficient Data Entry","Discover some amazing facts with Proefficient Data Entry! 💡 From accuracy to speed, we turn data into powerful insights that drive smarter business decisions.

Contact Us : ‪+1201 920 9709‬
Mail Us : info@proefficientdataentry.com
Visit us : https://www.proefficientdataentry.com

#ProefficientData #DataDriven #SmartDataSolutions #DataEntryExperts #EfficiencyMatters #DataFacts #BusinessInsights #AccurateData #DataThatMatters #DataMagic",,0,"04/10/2025 23:19",N/A,https://www.facebook.com/permalink.php?story_fbid=pfbid029RchDySVGCuaBECooP1bfD3jNFb4Zb2d9Kqx8zoLDy17A6toc9SD1tMyiFfZLv4vl&id=61569323067856,0,0,Photos,,,,,Lifetime,1,1,0,0,0,0,0,,,,,,
122125623896644102,61569323067856,"Pro Efficient Data Entry","Unlock financial excellence with Proefficient Data Entry! Streamline your processes, enhance accuracy, and elevate productivity for smarter decision-making and greater success in your business.

Contact Us : ‪‪+1201 920 9709‬‬
Mail Us : info@proefficientdataentry.com
Visit us : ‪https://www.proefficientdataentry.com‬

#DataEntry #FinancialExcellence #BusinessProductivity #StreamlineProcesses #AccuracyMatters #SmartDecisions #EfficiencyBoost #BusinessSuccess #DataManagement #Proefficient #Automation #DataAccuracy",,0,"04/14/2025 05:56",N/A,https://www.facebook.com/permalink.php?story_fbid=pfbid02VfxB62TxBdi4hdVQFf5m4zEB59LmBfUgSkw1pbPxJHKCETPgF1RxYPjgoztgzffRl&id=61569323067856,0,0,Photos,,,,,Lifetime,0,0,0,0,0,0,0,,,,,,
122125725260644102,61569323067856,"Pro Efficient Data Entry","Discover 5 key ways outsourcing can solve financial challenges. Boost efficiency, cut costs, and scale smartly with ProEfficient Data Entry – your trusted outsourcing partner.

Contact Us : ‪+1201 920 9709‬
Mail Us : info@proefficientdataentry.com
Visit us : https://www.proefficientdataentry.com

#OutsourcingSolutions #ProEfficientDataEntry #SmartBusiness #CostEffective #DataEntryServices #BusinessGrowth #FinancialSolutions #OutsourceSmart","Discover 5 key ways outsourcing can solve financial challenges. Boost efficiency, cut costs, and scale smartly with ProEfficient Data Entry – your trusted outsourcing partner.

Contact Us : ‪+1201 920 9709‬
Mail Us : info@proefficientdataentry.com
Visit us : https://www.proefficientdataentry.com

#OutsourcingSolutions #ProEfficientDataEntry #SmartBusiness #CostEffective #DataEntryServices #BusinessGrowth #FinancialSolutions #OutsourceSmart",45,"04/15/2025 01:00",N/A,https://www.facebook.com/61569323067856/videos/1058490959455901/,0,0,Videos,,,,,Lifetime,2,3,0,0,0,0,0,,1.172,0.586,0,0,0
122125853384644102,61569323067856,"Pro Efficient Data Entry","From confusion to clarity—Proefficient Data Entry streamlines your information, reduces errors, and boosts efficiency. Let us turn your data chaos into clean precision.

Contact Us : ‪+1201 920 9709‬
Mail Us : info@proefficientdataentry.com
Visit us : https://www.proefficientdataentry.com

#ProefficientDataEntry #DataClarity #EfficientWorkflow #AccurateData #DataSolutions #StreamlineOperations #BusinessEfficiency #DataManagement #ProductivityBoost #FromConfusionToClarity",,0,"04/16/2025 00:11",N/A,https://www.facebook.com/permalink.php?story_fbid=pfbid0xAYG428Dcfqdq6yK2zJCAnJjv58kNs6w4nEJUuetV9TptC3fs8URTKVW12wjsaAKl&id=61569323067856,0,0,Photos,,,,,Lifetime,1,1,0,0,0,0,0,,,,,,
122125967528644102,61569323067856,"Pro Efficient Data Entry","Streamline your workflow with Proefficient Data Entry. Fast, accurate, and automated solutions to boost productivity and minimize errors. Efficiency redefined for your business success.

Contact Us : ‪‪‪+1201 920 9709‬‬‬
Mail Us : info@proefficientdataentry.com
Visit us : ‪‪https://www.proefficientdataentry.com‬‬

#ProefficientDataEntry #DataAutomation #SmartDataSolutions #EfficiencyBoost #AccurateData #WorkflowAutomation #BusinessEfficiency #ErrorFreeData #AutomatedEntry #ProductivityTools #DigitalTransformation",,0,"04/16/2025 23:06",N/A,https://www.facebook.com/permalink.php?story_fbid=pfbid02ycXBxeck6h6SYFUwJ5SfGYa9eBiN9Xj9LoKCfCrNWZSzHx5x7tN2DS1yeLueFALgl&id=61569323067856,0,0,Photos,,,,,Lifetime,1,1,0,0,0,0,0,,,,,,
122126098652644102,61569323067856,"Pro Efficient Data Entry","Happy Good Friday. Today, we honor the greatest love ever shown. May your soul be touched by His sacrifice, your heart filled with peace, and your spirit renewed with hope.

Contact Us : ‪‪‪‪+1201 920 9709‬‬‬‬
Mail Us : info@proefficientdataentry.com
Visit us : ‪‪‪https://www.proefficientdataentry.com‬‬‬

#GoodFriday #HeDiedForUs #FaithAndGrace #HolyFriday #JesusSaves #LoveAndSacrifice  #DivineMercy #CrossOfChrist #HopeInChrist",,0,"04/17/2025 22:13",N/A,https://www.facebook.com/permalink.php?story_fbid=pfbid02GDkmmQH7kVHCzmNYtPQ1YxsBcT7SRVvjjEPmNKgabMP2t1iMTYexnhuo5mKVXjkwl&id=61569323067856,0,0,Photos,,,,,Lifetime,2,1,0,0,0,0,0,,,,,,
122126264006644102,61569323067856,"Pro Efficient Data Entry","Automate your data security with confidence.

Proefficient delivers advanced, reliable, and seamless automation solutions to safeguard your information—so you can focus on growth while we handle protection. Trust Proefficient, secure smartly.

Contact Us : ‪‪‪‪‪‪+1201 920 9709‬‬‬‬‬‬
Mail Us : info@proefficientdataentry.com
Visit us : ‪‪‪‪‪https://www.proefficientdataentry.com‬‬‬‬‬

#DataSecurity #AutomatedSecurity #TrustProefficient #CyberProtection #SmartAutomation #SecureWithUs",,0,"04/19/2025 07:35",N/A,https://www.facebook.com/permalink.php?story_fbid=pfbid02rs18c5thtoxvyzBJHKJnw25frv7eMSRemygD9LbKnzjMbPqhiKUYmVCpRkeQoY6el&id=61569323067856,0,0,Photos,,,,,Lifetime,0,0,0,0,0,0,0,,,,,,
122126484086644102,61569323067856,"Pro Efficient Data Entry","Streamline your workflow with Proefficient Data Entry — experience fast, accurate, and automated solutions designed to boost productivity and minimize manual effort efficiently.

Contact Us : ‪‪‪‪‪‪‪+1 (772) 349-2697
Mail Us : info@proefficientdataentry.com
Visit us : ‪‪‪‪‪‪https://www.proefficientdataentry.com‬‬‬‬‬‬

#ProefficientDataEntry #DataAutomation #SmartWorkflows #EfficientDataEntry #AutomationSolutions #ProductivityBoost #DataManagement",,0,"04/20/2025 23:59",N/A,https://www.facebook.com/permalink.php?story_fbid=pfbid03Ux4ZaPvmFQUuYYsHVmkaiJu6v8hZ3pZznz8DaynR5Eyq3ncz6HhuUzm8CxBNoeCl&id=61569323067856,0,0,Photos,,,,,Lifetime,1,2,0,0,0,0,0,,,,,,
122126593976644102,61569323067856,"Pro Efficient Data Entry","This Earth Day, let’s plant hope, recycle kindness, and reduce regrets. Because a healthier Earth means a brighter future for all living beings.

Contact Us : ‪‪‪‪‪‪‪‪+1 (772) 349-2697‬
Mail Us : info@proefficientdataentry.com
Visit us : ‪‪‪‪‪‪‪https://www.proefficientdataentry.com‬‬‬‬‬‬‬

#EarthDay #WorldEarthDay #LoveEarth #SaveOurPlanet #GoGreen #SustainableLiving #EcoFriendly #ProtectNature #ClimateAction #EarthDayEveryDay #GreenPlanet #NatureLovers #ReduceReuseRecycle #EnvironmentMatters #ActForEarth",,0,"04/21/2025 22:04",N/A,https://www.facebook.com/permalink.php?story_fbid=pfbid02Thie7Genx3LUZeCtEMQSBUc9ydwckamPcAXPFcy7XjN6nXqPF7YFpBJJZURSyaZEl&id=61569323067856,0,0,Photos,,,,,Lifetime,1,1,0,0,0,0,0,,,,,,
122126744498644102,61569323067856,"Pro Efficient Data Entry","Experience automation that talks human – intuitive, efficient, and always on. With Proefficient Data Entry, streamline your customer support and data tasks effortlessly, ensuring accuracy, speed, and 24/7 reliability.

Contact Us : ‪‪‪‪‪‪‪‪‪+1 (772) 349-2697‬‬
Mail Us : info@proefficientdataentry.com
Visit us : ‪‪‪‪‪‪‪‪https://www.proefficientdataentry.com‬‬‬‬‬‬‬‬

#AutomationThatTalksHuman #ProefficientDataEntry #CustomerSupportAutomation #SmartSupport #AIinCustomerService #DataEntrySolutions #24x7Support #BusinessEfficiency #TechDrivenSupport",,0,"04/23/2025 05:14",N/A,https://www.facebook.com/permalink.php?story_fbid=pfbid02CTzQTHLWackMD6LE23qg2Df4AMKTQv57L2hEGazsAXoqChxmRTF4Eq9GXmpCCgnnl&id=61569323067856,0,0,Photos,,,,,Lifetime,2,1,0,0,0,0,0,,,,,,
122126857118644102,61569323067856,"Pro Efficient Data Entry","Automate your business with Proefficient Data Entry – streamline operations, reduce errors, and boost productivity with our reliable, fast, and accurate data management solutions.

Contact Us : ‪‪‪‪‪‪‪‪‪+1 (772) 349-2697‬‬
Mail Us : info@proefficientdataentry.com
Visit us : ‪‪‪‪‪‪‪‪https://www.proefficientdataentry.com‬‬‬‬‬‬‬‬

#ProefficientDataEntry #BusinessAutomation #StreamlineOperations #DataManagement #BoostProductivity #EfficientBusiness #AccurateData #AutomationSolutions #BusinessSuccess #DataEntryExperts",,0,"04/23/2025 23:18",N/A,https://www.facebook.com/permalink.php?story_fbid=pfbid02ASNVB1VEj6Eqq71ATWf2Qt88Cn32PV1nDem63n1Zf1erdTqbZSMrH9CWkaMbojwFl&id=61569323067856,0,0,Photos,,,,,Lifetime,2,2,0,0,0,0,0,,,,,,
122127019868644102,61569323067856,"Pro Efficient Data Entry","Streamline your operations with Proefficient Data Entry—fast, accurate, and reliable data solutions designed to boost productivity and minimize errors across your business.

Contact Us : ‪‪‪‪‪‪‪‪‪‪‪+1 (772) 349-2697‬‬‬‬
Mail Us : info@proefficientdataentry.com
Visit us : ‪‪‪‪‪‪‪‪‪‪https://www.proefficientdataentry.com‬‬‬‬‬‬‬‬‬‬

#DataEntry #DataSolutions #Proefficient #DataManagement #BusinessEfficiency #AccurateData #DataProcessing #SmartDataEntry #DataAutomation #ProductivityBoost",,0,"04/25/2025 02:34",N/A,https://www.facebook.com/permalink.php?story_fbid=pfbid02vQUVBV67C7hPzGtvgbpmnUpziaAtKANvC45uRtKzFRRYSqcUmiZaoy6iicFiEChl&id=61569323067856,0,0,Photos,,,,,Lifetime,1,2,0,0,0,0,0,,,,,,
122127155726644102,61569323067856,"Pro Efficient Data Entry","Tired of Managing Endless Admin Tasks?

Let Proefficient Data Entry handle the workload! We provide accurate, efficient, and timely data entry services, freeing you to focus on what matters.

Contact Us : ‪‪‪‪‪‪‪‪‪‪+1 (772) 349-2697‬‬‬
Mail Us : info@proefficientdataentry.com
Visit us : ‪‪‪‪‪‪‪‪‪https://www.proefficientdataentry.com‬‬‬‬‬‬‬‬‬

#ProefficientDataEntry #AdminTaskRelief #DataEntryServices #EfficientWork #TaskManagement #DataAccuracy #AdminSupport #ProductivityBoost #TimeSaver #DataManagement #FocusOnWhatMatters",,0,"04/26/2025 01:25",N/A,https://www.facebook.com/permalink.php?story_fbid=pfbid0RnKq7miqSd2u7P73guqmRDjvpuUYLiHvw3BAiWqB9hrPLw8z2cPugJ69w3Au2cM7l&id=61569323067856,0,0,Photos,,,,,Lifetime,1,1,0,0,0,0,0,,,,,,
122127441062644102,61569323067856,"Pro Efficient Data Entry","""Experience the future of customer management with AI-powered CRM support. 

Proefficient Data Entry ensures smarter, faster, and more personalized connections every day, helping your business grow stronger, build loyalty, and stay ahead.

Contact Us : ‪‪‪‪‪‪‪‪‪‪‪‪+1 (772) 349-2697‬‬‬‬‬
Mail Us : info@proefficientdataentry.com
Visit us : ‪‪‪‪‪‪‪‪‪‪‪https://www.proefficientdataentry.com‬‬‬‬‬‬‬‬‬‬‬

#SmartConnections #CustomerSuccess #ProefficientDataEntry #BusinessAutomation #AICRM #FutureOfCRM #CustomerExperience #SeamlessSupport #BoostProductivity #IntelligentSupport  #CRMOptimization",,0,"04/28/2025 07:50",N/A,https://www.facebook.com/permalink.php?story_fbid=pfbid02n4jbnTBrZqCsXbdHk31pzpkLWB7AWHUtn2EE45y1nmZpYcJQyf3tP36f1ZoErAAZl&id=61569323067856,0,0,Photos,,,,,Lifetime,2,2,0,0,0,0,0,,,,,,
122127573170644102,61569323067856,"Pro Efficient Data Entry","Say goodbye to manual work with Proefficient Data Entry! Streamline operations, boost accuracy, and save time with our expert data solutions tailored to your business needs.

Contact Us : ‪‪‪‪‪‪‪‪‪‪‪‪+1 (772) 349-2697‬‬‬‬‬
Mail Us : info@proefficientdataentry.com
Visit us : ‪‪‪‪‪‪‪‪‪‪‪https://www.proefficientdataentry.com‬‬‬‬‬‬‬‬‬‬‬

#ProefficientDataEntry #DataEntrySolutions #NoMoreManualWork #SmartDataManagement #EfficiencyBoost #BusinessAutomation",,0,"04/29/2025 05:27",N/A,https://www.facebook.com/permalink.php?story_fbid=pfbid031ZZ5AQmUxfqiJqtrq2bHUDUGKiUD2vitwWXnYYMM7oVEDenihty9EZ72DdWu1xJFl&id=61569323067856,0,0,Photos,,,,,Lifetime,1,1,0,0,0,0,0,,,,,,
122127718328644102,61569323067856,"Pro Efficient Data Entry","Experience seamless transcription with AI-Powered Precision, Word by Word — delivering fast, accurate, and reliable results for all your voice-to-text needs, effortlessly

Contact Us : ‪‪‪‪‪‪‪‪‪‪‪‪‪+1 (772) 349-2697‬‬‬‬‬‬
Mail Us : info@proefficientdataentry.com
Visit us : ‪‪‪‪‪‪‪‪‪‪‪‪https://www.proefficientdataentry.com‬‬‬‬‬‬‬‬‬‬‬‬

#AIPowered #TranscriptionServices #VoiceToText #AccurateTranscription #SmartTranscription #AITranscription #SpeechToText #TechDriven #Automation #EfficientWorkflow #DigitalSolutions #AIAccuracy #FastTranscription #AIInnovation #SeamlessTranscription",,0,"04/30/2025 07:30",N/A,https://www.facebook.com/permalink.php?story_fbid=pfbid0xNLKxfzn3HngBprwQKeRjKUFAm5HrTKB3Nx3KiXdKTmsVhmAUeR9VY8vvV95429Sl&id=61569323067856,0,0,Photos,,,,,Lifetime,0,0,0,0,0,0,0,,,,,,
122127792050644102,61569323067856,"Pro Efficient Data Entry","Raise your voice for workers’ rights! On Labour Day 2025, let’s honor labour with action, appreciation, and the promise of fair opportunity.

Contact Us : ‪‪‪‪‪‪‪‪‪‪‪‪‪‪+1 (772) 349-2697‬‬‬‬‬‬‬
Mail Us : info@proefficientdataentry.com
Visit us : ‪‪‪‪‪‪‪‪‪‪‪‪‪https://www.proefficientdataentry.com‬‬‬‬‬‬‬‬‬‬‬‬‬

#LabourDay2025 #InternationalWorkersDay #WorkersRights #PowerOfLabour #DignityOfWork #RespectLabour #CelebrateWorkers #HardWorkMatters",,0,"04/30/2025 22:23",N/A,https://www.facebook.com/permalink.php?story_fbid=pfbid02xGsanYzz2dGwi4RUfaZ72Uo53geMrPs3gwqhkhtQRuSGW42bGotn81gZr5RNzhQHl&id=61569323067856,0,0,Photos,,,,,Lifetime,1,1,0,0,0,0,0,,,,,,
