Post title,Post link,Post type,Campaign name,Posted by,Created date,Campaign start date,Campaign end date,Audience,Impressions,Views,Offsite Views,Clicks,Click through rate (CTR),Likes,Comments,Reposts,Follows,Engagement rate,Content Type
"In marking this International Labour Day 2025 event, we take pause to acknowledge the essence of every worker who works quietly, ceaselessly, and with passion to make our society better. 
 
 Labour is not just about work, it is about effort, courage, creativity, and strength to endure. 
 
 Whether you are behind a desk, parked in a vehicle, constructing a building, or guiding the next generation through instruction, the importance and contributions of labourers all matter. 
 
 For today, we now celebrate labour and apply pressure for recognition, rights and respect. Let today be a day of thanks, and let it be a summons for equality, fairness and solidarity amongst people, for all workers. 
 
 Here's to those who keep the world going.
 
 Visit us : ‪‪‪‪‪‪‪‪‪‪‪‪‪‪https://lnkd.in/gtXUJap9‬‬‬‬‬‬‬‬‬‬‬‬‬‬
 
 
 #LabourDay2025 #InternationalWorkersDay #WorkersRights #PowerOfLabour #DignityOfWork",https://www.linkedin.com/feed/update/urn:li:activity:7323580123222355968,Organic,,Saheb Sinha,2025-05-01,,,All followers,1,,,0,0.0,0,0,0,,0.0,
"Suffering from the weight of too many administrative duties? Let Proefficient Data Entry help lift a burden off your shoulders! 
 
 Our experienced Virtual Assistants are honest, dependable, effective and will help you get to maximum productivity without aggravation! 
 
 Whether it is operating your data entry, coordinating that calendar, or helping you get through your day's tasks—we can take care of everything in a seamless and professional manner. 
 
 All of our work is a 100% guaranteed (on-time) accuracy or reimbursement, and customized depending on your specific operation. Plus all for an affordable price!
 
 
 ✅ Affordable Packages
 ✅ Work is Fast & Accurate
 ✅ Customized to suit your needs
 
 
 Start your virtual assistant off today and work smarter!
 
 Contact Us : ‪‪‪‪‪‪‪‪‪‪‪‪+1 (772) 349-2697‬‬‬‬‬
 Mail Us : info@proefficientdataentry.com
 Visit us : ‪‪‪‪‪‪‪‪‪‪‪https://lnkd.in/gtXUJap9‬‬‬‬‬‬‬‬‬‬‬
 
 #VirtualAssistant #DataEntryServices #ProefficientSupport #AdminHelp #BoostProductivity #WorkSmarter #RemoteAssistant",https://www.linkedin.com/feed/update/urn:li:activity:7321812057538920448,Organic,,Saheb Sinha,2025-04-26,,,All followers,1,,,0,0.0,0,0,0,,0.0,
"Automate Your Business with Proefficient Data Entry
 
 Let Proefficient Data Entry take your business to the next level – your trusted solutions partner for automation and smart solutions. 
 
 We offer cost-effective pricing plans for businesses of any size, without skimping on quality. 
 
 Everything we do, from data entry and CRM support to accounting and transcription, is fast, affordable and importantly, accurate.
 
 We are here to help 24 hours a day, 7 days a week, to support your businesses needs, so you can operate smoothly at any hour of the day. 
 
 We have a money-back guarantee, because we want you to feel confident with service and eliminate the risk.
 
 From start-ups to enterprises, entrepreneurs to real estate agents, Proefficient lets you save time, reduce errors and improve efficiencies. 
 
 Let automation do the work while you grow.
 
 Profficient Data Entry - excellence in information management for affordable prices, with your success as our priority.
 
 
 Contact Us : ‪‪‪‪‪‪‪‪‪‪+1 (772) 349-2697‬‬‬
 Mail Us : info@proefficientdataentry.com
 Visit us : ‪‪‪‪‪‪‪‪‪https://lnkd.in/gtXUJap9‬‬‬‬‬‬‬‬‬
 
 #ProefficientDataEntry #BusinessAutomation #StreamlineOperations #DataManagement #BoostProductivity #EfficientBusiness #AccurateData #AutomationSolutions #BusinessSuccess #DataEntryExperts",https://www.linkedin.com/feed/update/urn:li:activity:7321106998593306624,Organic,,Saheb Sinha,2025-04-24,,,All followers,7,,,0,0.0,1,0,0,,0.142857149,
"Today isn’t just a celebration , it’s a reminder. A reminder that Earth supports us in everything we do, every breath we take, every drop we drink, every view we take in. 
 
 But at the same time, climate change, deforestation and pollution are all glaring cries of distress. The planet does not need saving; we do. 
 
 We can no longer choose to invest in sustainability, conserve resources or live more consciously; it has become essential for survival. 
 
 Let’s strive to reduce waste, plant more trees, and foster innovation that is sustainable and green. 
 
 The planet has given us everything; now it’s time to give something back. Remember, even small acts when multiplied by millions can heal the world.
 
 Contact Us : ‪‪‪‪‪‪‪‪+1 (772) 349-2697‬
 Mail Us : info@proefficientdataentry.com
 Visit us : ‪‪‪‪‪‪‪https://lnkd.in/gtXUJap9‬‬‬‬‬‬‬
 
 #EarthDay #WorldEarthDay #LoveEarth #SaveOurPlanet #GoGreen #SustainableLiving #EcoFriendly",https://www.linkedin.com/feed/update/urn:li:activity:7320326438350397440,Organic,,Saheb Sinha,2025-04-22,,,All followers,2,,,0,0.0,0,0,0,,0.0,
"Good Friday serves as a somber tribute to the depth of love and sacrifice Jesus Christ showed! On a holy day we are reminded of His constant love, grace, peace, forgiveness, and strength. 
 
 May His sacrifice call you to humility, kindness to others, and living in faith and grace. 
 
 Let us pause and pray, and embrace the day as it was intended. 
 
 In remembrance of Him, we will be revitalized with hope, guided to the light, and redeemed with grace. Here’s wishing you, and your family a reflective, peaceful, meaningful, and blessed Good Friday!
 
 Contact Us : ‪‪‪‪‪+1 (772) 349-2697‬‬‬‬‬
 Mail Us : info@proefficientdataentry.com
 Visit us : ‪‪‪‪https://lnkd.in/gtXUJap9‬‬‬‬
 
 #GoodFriday #HeDiedForUs #FaithAndGrace #HolyFriday #JesusSaves #LoveAndSacrifice #DivineMercy #CrossOfChrist #HopeInChrist",https://www.linkedin.com/feed/update/urn:li:activity:7318932760943869952,Organic,,Saheb Sinha,2025-04-18,,,All followers,8,,,0,0.0,0,0,0,,0.0,
"Robust finance support services can be efficiently and cost-effectively outsourced, leading to more streamlined operations. Here is how it can save you money:
 
 1.Reduced Overheads - No requirement of full-time or in-house staff.
 
 2.Expertise on Demand - Having access to professionals at a fraction of the costs.
 
 3.Scalability - Providers who work with you in a pay-per-service structure.
 
 4.Lesser Mistakes – Costly errors and accurate reporting compliance are easilty managed by skilled individuals.
 
 5.Time Efficiency - More time is spent on core business areas while finance professionals tackle tangential business problems.
 
 Stress-free and hassle-free profit maximization is achieved with outsourced finance options
 
 Contact Us : ‪‪+1201 920 9709‬‬
 Mail Us : info@proefficientdataentry.com
 Visit us : ‪https://lnkd.in/gtXUJap9‬
 
 #OutsourcingSolutions #ProEfficientDataEntry #SmartBusiness #CostEffective #DataEntryServices #BusinessGrowth #FinancialSolutions #OutsourceSmart",https://www.linkedin.com/feed/update/urn:li:activity:7317821159146766336,Organic,,Saheb Sinha,2025-04-15,,,All followers,4,2,,0,0.0,0,0,0,,0.0,Video
"Here we are, with some interesting facts about how Proefficient Data Entry can assist you in achieving your objectives! ???? 
 
 From enhancing data accuracy to enhancing productivity, our professional services ensure smooth and efficient running of your business. Do you know that well-maintained, clean data can improve the speed of decision-making by more than 30%?
 
  With Proefficient, you save time, minimize errors, and get useful insights to grow smarter and faster!. Whether you're an enterprise or a startup, we adapt our solutions to suit your requirements. 
 
 Let your data do the work for you — not the other way around. Get more done with Proefficient Data Entry on your side!
 
 Contact Us : ‪‪+1201 920 9709‬‬
 Mail Us : info@proefficientdataentry.com
 Visit us : ‪https://lnkd.in/gtXUJap9‬
 
 #ProefficientData #DataDriven #SmartDataSolutions #DataEntryExperts #EfficiencyMatters #DataFacts #BusinessInsights #AccurateData #DataThatMatters #DataMagic",https://www.linkedin.com/feed/update/urn:li:activity:7316347131177443328,Organic,,Saheb Sinha,2025-04-11,,,All followers,7,,,0,0.0,0,0,0,,0.0,
"Let’s have a look! 
 At Proefficient Data Entry, client satisfaction isn’t just a goal—it’s our standard. We’re proud to share the incredible feedback from our amazing clients who trust us with their data accuracy, speed, and professionalism. From seamless spreadsheet management to CRM updates, we’re helping businesses run smoother every day.
 
 Contact Us : ‪‪+1201 920 9709‬‬
 Mail Us : info@proefficientdataentry.com
 Visit us : ‪https://lnkd.in/gtXUJap9‬ 
 
 #ProefficientDataEntry #ClientLove #DataWithPrecisio #HappyClients #DataEntryExperts #ReliableService #BusinessSupport",https://www.linkedin.com/feed/update/urn:li:activity:7316051751797694464,Organic,,Saheb Sinha,2025-04-10,,,All followers,5,2,,0,0.0,0,0,0,,0.0,Video
"World Health Day 2025 serves as a strong reminder that health is a right everyone deserves. 
 
 This time, let’s come together to foster active living, support mental and physical well-being, and prevent discrimination in healthcare access. 
 
 From eating healthy to exercising and practicing self-care, every effort makes a difference. 
 
 Let’s work toward informative campaigns to eradicate preventable diseases and foster early intervention, guaranteeing that no one is left behind. 
 
 United as citizens of the world, we will work to prioritize health and ensure every individual can prosper. Health is important—today and every day. Prioritize health, live better.
 
 Contact Us : +1201 920 9709
 Mail Us : info@proefficientdataentry.com
 Visit us : https://lnkd.in/gtXUJap9
 
 #WorldHealthDay #HealthForAll #StayHealthy #GlobalHealth #WellnessMatters #HealthIsWealth",https://www.linkedin.com/feed/update/urn:li:activity:7314897390644207616,Organic,,Saheb Sinha,2025-04-07,,,All followers,13,,,0,0.0,1,0,0,,0.07692308,
"Outsourcing to Proefficient Data Entry helps businesses streamline operations, cut costs, and improve efficiency. 
 
 Our expert team specializes in Repossession Services, Accounting & Finance, Customer Support, CRM Support, Manual Data Entry, and Transcription; the accuracy and reliability that such work demands is delivered.
 
 Let us take care of your Data Management and Back office work and free you to concentrate on growth and core business strategies. All this with confidentiality, with quick TAT, and with custom pay-as-you-go solutions developed especially to suit your budget as well as your needs. 
 
 Partner with us to enhance productivity with minimal costs in terms of time and resources. 
 
 Partner with Proefficient Data Entry for flawless business outsourcing experiences, where accuracy meets excellence! Contact us now for an upgrade in business efficiency levels!
 
 Contact Us : +1201 920 9709
 Mail Us : info@proefficientdataentry.com
 Visit us : https://lnkd.in/gtXUJap9
 
 #Outsourcing #DataEntry #BusinessSolutions #ProefficientDataEntry #Efficiency #BackOfficeSupport #CRM #CustomerSupport",https://www.linkedin.com/feed/update/urn:li:activity:7310511933655302144,Organic,,Saheb Sinha,2025-03-26,,,All followers,26,,,2,0.07692308,2,0,0,,0.15384616,
"The business potential therein is great-and each second must, therefore, be driven by the seamless management of CRM data! 
 
 An organized, tracked, and analyzed collection of information about clients has great potential for improving the relationship and development of business. 
 
 Having proper data-all organized, tracked, and analyzed-enables the decisions that can provide a truly personalized customer experience that ensures maximum sales. 
 
 And data chaos is put out of business for good-neat workflows, productive work, and an empowered business approach in its wake. 
 
 Roadsteaded either as a startup or as an enterprise, proper CRM data management is the assurance of sustained success. 
 
 Keep the competition at bay with clean, secure, and gleaming data that lets your team do wonderful things. Optimize, automate, and grow-with almost no hustle!
 
 Contact Us : +1201 920 9709
 Mail Us : info@proefficientdataentry.com
 Visit us : https://lnkd.in/gtXUJap9
 
 #CRMDataManagement #UnlockPotential #BusinessGrowth #DataDrivenSuccess #SmartCRM #SeamlessManagement #CustomerSuccess",https://www.linkedin.com/feed/update/urn:li:activity:7307387892455129090,Organic,,Saheb Sinha,2025-03-17,,,All followers,15,,,0,0.0,1,0,0,,0.06666667,
"Here's hoping your Holi brims with lively colors endless fun, and special times! This festival has the power to bring happiness, love, and good fortune into your world. 
 
 Let Holi's bright shades color your days with good vibes, wins, and lots of laughs. 
 
 Throw yourself into the celebrations, move to the festive rhythms, and share the love with every color splash. 
 
 This color fest can make bonds stronger, create times you'll always remember, and fill you with a warm feeling inside. Enjoy those sweet gujiyas, the fun of being together, and what Holi's all about. 
 
 Be careful, play nice, and have a bright, colorful, and Happy Holi!
 
 Contact Us : +1201 920 9709
 Mail Us : info@proefficientdataentry.com
 Visit us : https://lnkd.in/gtXUJap9
 
 #FestivalOfColors #Holi2025 #ColorfulVibes #CelebrateWithJoy #HoliHappiness #BrightAndBeautiful #SpreadColors #FestiveMood #JoyfulHoli",https://www.linkedin.com/feed/update/urn:li:activity:7306192134921981953,Organic,,Saheb Sinha,2025-03-14,,,All followers,38,,,2,0.052631579,1,0,0,,0.078947365,
"Fresh Air Day 2025 – Clean Breathing for a Healthier Life! 
 
 So this No Smoking Day, stand up for your health and say NO to smoking! 
 
 Step by step, the new habits we create will enable us to live healthier and longer every time we avoid that next cigarette. 
 
 Avoid the harmful effects of smoking for you and your loved ones. Walking away isn’t easy, but every little bit helps. “You can also choose wellness, strength, and a smoke-free future.”
 
 Let 2025 be the year of positive change—clean air, healthy lifestyle, and many more inspiring other people to do the same!
 
 Contact Us : +1201 920 9709
 Mail Us : info@proefficientdataentry.com
 Visit us : https://lnkd.in/gtXUJap9
 
 #NoSmokingDay2025 #QuitSmoking #BreatheEasy #HealthyLiving #SmokeFreeLife #SayNoToTobacco",https://www.linkedin.com/feed/update/urn:li:activity:7305537171719864321,Organic,,Saheb Sinha,2025-03-12,,,All followers,25,,,1,0.039999999,1,0,0,,0.079999998,
"The Cost of Bad Data – Are You Losing Money?
 
 Bad data can silently kill your business profits. When your information is inaccurate, outdated, or duplicated, it can lead to:
 
 - Poor decision-making
 - Wasted marketing spend
 - Lost sales opportunities
 - Compliance risks
 
 Studies show that businesses lose millions every year because of data errors. By investing in data accuracy, you can ensure efficient operations, gain better customer insights, and achieve a higher return on investment (ROI).
 
 Don't let bad data drain your profits—optimize your data management today! If you need assistance, our expert data solutions guarantee precision, reliability, and growth. Contact us now to protect your business from the expensive consequences of bad data!
 
 Contact Us : +1201 920 9709
 Mail Us : info@proefficientdataentry.com
 Visit us : https://lnkd.in/gtXUJap9
 
 #business #insights #data #errors #operations",https://www.linkedin.com/feed/update/urn:li:activity:7305273789896867840,Organic,,Saheb Sinha,2025-03-11,,,All followers,12,,,0,0.0,0,0,0,,0.0,
"Happy International Women’s Day 2025!
 
 Today we celebrate the unbelievable strength, resilience, and accomplishments of women across the globe. 
 
 In homes, in the workplace from dream to fruition, women unfailingly inspire and lead with courage. 
 
 This is a festive occasion but above all a grim reminder to lift and empower each woman near us. 
 
 So let us work together to make that world of equality and respect without boundary lines of opportunity. 
 
 Shine on, strive, and break all barriers because your power knows no bound; its impact is immeasurable.
 
 Contact Us : +1201 920 9709
 Mail Us : info@proefficientdataentry.com
 Visit us : https://lnkd.in/gtXUJap9
 
 #InternationalWomensDay #WomensDay2025 #EmpowerHer #CelebrateWomen #WomenInspire #StrongerTogether",https://www.linkedin.com/feed/update/urn:li:activity:7304096444431405056,Organic,,Saheb Sinha,2025-03-08,,,All followers,32,,,1,0.03125,1,0,0,,0.0625,
"Accurate data entry is an absolute game-changer, the foundation stone for the success of any business by making error-free records, thereby leading to better decision-making and enhanced operational efficiency. 
 
 Having maintained a 99.9% accuracy level, ProEfficient Data Entry helps businesses provide data integrity and avoid costly mistakes and greater efficiencies. 
 
 Reliable data entry would help minimize inconsistencies, improve customer satisfaction, and smooth workflows. From financial records to customer databases to inventories, attention to detail drives business growth. 
 
 Don't slow down with the errors; trust the expert team in priceless data entry solutions to be accurate, efficient, and secure. Experience the power of accuracy with ProEfficient Data Entry!
 
 Contact Us : +1201 920 9709
 Mail Us : info@proefficientdataentry.com
 Visit us : https://lnkd.in/gtXUJap9
 
 #DataEntry #ManualDataEntry #AccuracyMatters #ErrorFreeData #ProEfficientData",https://www.linkedin.com/feed/update/urn:li:activity:7303016991877906432,Organic,,Saheb Sinha,2025-03-05,,,All followers,26,,,0,0.0,2,0,0,,0.07692308,
"The importance of correct data entry for business Data is really everything for any business and accuracy is the key! 
 
 Data entry errors can lead to monetary loss, bad decision-making, and operational inefficiencies. 
 
 No matter whether customer details financial records or CRM data precision is what brings about operational fluidity and growth in business.
 
 We at Proefficient Data Entry believe in accuracy, efficiency, and security to provide 100% error-free, well-organized data that helps businesses to grow. 
 
 Our skilled associates use advanced verification strategies to reduce errors to such an extent that data integrity stands at 100%. 
 
 Contact Us : +1201 920 9709
 Mail Us : info@proefficientdataentry.com
 Visit us : https://lnkd.in/gtXUJap9
 
 #FocusToClarity ✅ #ProefficientDataEntry 📊 #AccuracyMatters ✨ #DataPrecision 🔍 #SeamlessSolutions 💻 #ErrorFreeResults ✅ #EfficiencyBoost 🚀 #SmartDataManagement 📑 #ReliableServices 🔹 #DataExcellence 📈",https://www.linkedin.com/feed/update/urn:li:activity:7301482461681565696,Organic,,Saheb Sinha,2025-03-01,,,All followers,19,,,0,0.0,1,0,0,,0.052631579,
"Manual Data Entry vs. Automated Data Entry: Which is Better?
 
 Manual data entry offers accuracy and flexibility but is time-consuming and prone to human errors. 
 
 On the other hand, automated data entry ensures speed, efficiency, and reduced errors, making it ideal for handling large volumes of data.
 
 While automation streamlines workflows and enhances productivity, some tasks still require human verification for quality control. 
 
 The best approach depends on business needs—manual entry suits complex, detail-oriented tasks, while automation is perfect for repetitive processes.
 
 A balanced combination of both can optimize data management, ensuring accuracy and efficiency in business operations.
 
 Contact Us : +1201 920 9709
 Mail Us : info@proefficientdataentry.com
 Visit us : https://lnkd.in/gtXUJap9
 
 #DataEntrySolutions #ManualVsAutomated #DataManagement #EfficiencyMatters #AutomationBenefits",https://www.linkedin.com/feed/update/urn:li:activity:7298676660751454208,Organic,,Saheb Sinha,2025-02-21,,,All followers,97,,,0,0.0,2,0,0,,0.020618556,
"AI and automation are transforming data entry services, making processes faster, more accurate, and cost-effective.
 
 * AI-powered tools reduce human errors, enhance data validation, and streamline workflows.
 
 * Automation eliminates repetitive tasks, improving productivity while allowing businesses to focus on core operations.
 
 * Machine learning algorithms enable intelligent data extraction, reducing manual intervention.
 
 * Optical Character Recognition (OCR) further accelerates data processing, ensuring efficiency.
 
 * With AI-driven solutions, companies experience better data management, real-time analytics, and improved decision-making.
 
 By adopting AI and automation in data entry services, businesses can achieve:
 
 1. Higher accuracy
 2. Reduced costs
 3. Enhanced efficiency
 
 The future of data entry is intelligent, seamless, and scalable!
 
 Contact Us : +1201 920 9709
 Mail Us : info@proefficientdataentry.com
 Visit us : https://lnkd.in/gtXUJap9
 
 #AIDataEntry #AutomationRevolution #SmartDataProcessing #AIinBusiness #DataEntrySolutions #MachineLearning #OCRTechnology #IntelligentAutomation",https://www.linkedin.com/feed/update/urn:li:activity:7297880561568600064,Organic,,Saheb Sinha,2025-02-19,,,All followers,100,,,2,0.02,3,0,0,,0.050000001,
